Date,Denton Branch Rail Trail (MedPark Station) Pedestrians,Denton Branch Rail Trail (MedPark Station) Cyclists
2014-07-23 00:00:00,49,92
2014-07-24 00:00:00,24,120
2014-07-25 00:00:00,31,69
2014-07-26 00:00:00,34,108
2014-07-27 00:00:00,32,105
2014-07-28 00:00:00,50,94
2014-07-29 00:00:00,38,100
2014-07-30 00:00:00,48,82
2014-07-31 00:00:00,49,67
2014-08-01 00:00:00,53,95
2014-08-02 00:00:00,55,164
2014-08-03 00:00:00,20,132
2014-08-04 00:00:00,72,94
2014-08-05 00:00:00,52,90
2014-08-06 00:00:00,49,88
2014-08-07 00:00:00,53,88
2014-08-08 00:00:00,53,43
2014-08-09 00:00:00,36,119
2014-08-10 00:00:00,25,116
2014-08-11 00:00:00,54,94
2014-08-12 00:00:00,49,89
2014-08-13 00:00:00,27,86
2014-08-14 00:00:00,42,132
2014-08-15 00:00:00,49,89
2014-08-16 00:00:00,49,91
2014-08-17 00:00:00,36,61
2014-08-18 00:00:00,63,100
2014-08-19 00:00:00,58,106
2014-08-20 00:00:00,55,59
2014-08-21 00:00:00,35,77
2014-08-22 00:00:00,56,58
2014-08-23 00:00:00,66,109
2014-08-24 00:00:00,46,77
2014-08-25 00:00:00,55,79
2014-08-26 00:00:00,56,76
2014-08-27 00:00:00,53,82
2014-08-28 00:00:00,40,97
2014-08-29 00:00:00,53,47
2014-08-30 00:00:00,39,142
2014-08-31 00:00:00,29,99
2014-09-01 00:00:00,43,149
2014-09-02 00:00:00,49,71
2014-09-03 00:00:00,62,88
2014-09-04 00:00:00,48,104
2014-09-05 00:00:00,47,51
2014-09-06 00:00:00,78,82
2014-09-07 00:00:00,48,89
2014-09-08 00:00:00,131,73
2014-09-09 00:00:00,61,88
2014-09-10 00:00:00,72,90
2014-09-11 00:00:00,64,103
2014-09-12 00:00:00,42,36
2014-09-13 00:00:00,62,105
2014-09-14 00:00:00,46,137
2014-09-15 00:00:00,60,71
2014-09-16 00:00:00,72,125
2014-09-17 00:00:00,64,82
2014-09-18 00:00:00,74,69
2014-09-19 00:00:00,38,56
2014-09-20 00:00:00,73,81
2014-09-21 00:00:00,47,84
2014-09-22 00:00:00,52,58
2014-09-23 00:00:00,81,78
2014-09-24 00:00:00,82,72
2014-09-25 00:00:00,62,103
2014-09-26 00:00:00,65,46
2014-09-27 00:00:00,82,89
2014-09-28 00:00:00,50,93
2014-09-29 00:00:00,38,92
2014-09-30 00:00:00,47,80
2014-10-01 00:00:00,51,84
2014-10-02 00:00:00,48,53
2014-10-03 00:00:00,54,82
2014-10-04 00:00:00,86,72
2014-10-05 00:00:00,43,95
2014-10-06 00:00:00,49,79
2014-10-07 00:00:00,50,87
2014-10-08 00:00:00,42,64
2014-10-09 00:00:00,40,64
2014-10-10 00:00:00,43,45
2014-10-11 00:00:00,50,38
2014-10-12 00:00:00,60,90
2014-10-13 00:00:00,40,34
2014-10-14 00:00:00,42,58
2014-10-15 00:00:00,46,84
2014-10-16 00:00:00,71,54
2014-10-17 00:00:00,66,58
2014-10-18 00:00:00,94,97
2014-10-19 00:00:00,34,72
2014-10-20 00:00:00,68,75
2014-10-21 00:00:00,62,95
2014-10-22 00:00:00,38,78
2014-10-23 00:00:00,60,68
2014-10-24 00:00:00,59,54
2014-10-25 00:00:00,64,65
2014-10-26 00:00:00,43,66
2014-10-27 00:00:00,63,61
2014-10-28 00:00:00,50,82
2014-10-29 00:00:00,74,96
2014-10-30 00:00:00,81,65
2014-10-31 00:00:00,50,44
2014-11-01 00:00:00,76,38
2014-11-02 00:00:00,33,53
2014-11-03 00:00:00,54,62
2014-11-04 00:00:00,10,12
2014-11-05 00:00:00,40,15
2014-11-06 00:00:00,42,42
2014-11-07 00:00:00,43,50
2014-11-08 00:00:00,66,48
2014-11-09 00:00:00,41,58
2014-11-10 00:00:00,45,49
2014-11-11 00:00:00,22,20
2014-11-12 00:00:00,21,11
2014-11-13 00:00:00,20,22
2014-11-14 00:00:00,15,18
2014-11-15 00:00:00,59,17
2014-11-16 00:00:00,10,7
2014-11-17 00:00:00,24,10
2014-11-18 00:00:00,20,21
2014-11-19 00:00:00,41,28
2014-11-20 00:00:00,44,35
2014-11-21 00:00:00,44,23
2014-11-22 00:00:00,24,10
2014-11-23 00:00:00,61,117
2014-11-24 00:00:00,52,42
2014-11-25 00:00:00,41,51
2014-11-26 00:00:00,41,39
2014-11-27 00:00:00,28,32
2014-11-28 00:00:00,43,72
2014-11-29 00:00:00,64,45
2014-11-30 00:00:00,39,72
2014-12-01 00:00:00,16,17
2014-12-02 00:00:00,14,12
2014-12-03 00:00:00,27,26
2014-12-04 00:00:00,33,13
2014-12-05 00:00:00,57,25
2014-12-06 00:00:00,57,69
2014-12-07 00:00:00,38,27
2014-12-08 00:00:00,31,44
2014-12-09 00:00:00,30,25
2014-12-10 00:00:00,33,31
2014-12-11 00:00:00,33,30
2014-12-12 00:00:00,48,29
2014-12-13 00:00:00,40,52
2014-12-14 00:00:00,26,27
2014-12-15 00:00:00,50,36
2014-12-16 00:00:00,33,20
2014-12-17 00:00:00,20,12
2014-12-18 00:00:00,46,17
2014-12-19 00:00:00,27,12
2014-12-20 00:00:00,54,30
2014-12-21 00:00:00,26,34
2014-12-22 00:00:00,46,63
2014-12-23 00:00:00,27,6
2014-12-24 00:00:00,18,23
2014-12-25 00:00:00,18,12
2014-12-26 00:00:00,45,34
2014-12-27 00:00:00,37,13
2014-12-28 00:00:00,29,19
2014-12-29 00:00:00,36,24
2014-12-30 00:00:00,21,15
2014-12-31 00:00:00,24,9
2015-01-01 00:00:00,12,1
2015-01-02 00:00:00,27,8
2015-01-03 00:00:00,43,38
2015-01-04 00:00:00,20,20
2015-01-05 00:00:00,39,16
2015-01-06 00:00:00,34,38
2015-01-07 00:00:00,19,9
2015-01-08 00:00:00,22,15
2015-01-09 00:00:00,17,11
2015-01-10 00:00:00,35,19
2015-01-11 00:00:00,12,16
2015-01-12 00:00:00,24,14
2015-01-13 00:00:00,15,10
2015-01-14 00:00:00,29,16
2015-01-15 00:00:00,22,48
2015-01-16 00:00:00,34,39
2015-01-17 00:00:00,57,76
2015-01-18 00:00:00,43,92
2015-01-19 00:00:00,32,95
2015-01-20 00:00:00,51,59
2015-01-21 00:00:00,43,41
2015-01-22 00:00:00,27,7
2015-01-23 00:00:00,27,23
2015-01-24 00:00:00,57,78
2015-01-25 00:00:00,47,76
2015-01-26 00:00:00,34,55
2015-01-27 00:00:00,40,79
2015-01-28 00:00:00,48,73
2015-01-29 00:00:00,40,47
2015-01-30 00:00:00,40,21
2015-01-31 00:00:00,42,37
2015-02-01 00:00:00,31,21
2015-02-02 00:00:00,29,18
2015-02-03 00:00:00,46,34
2015-02-04 00:00:00,38,22
2015-02-05 00:00:00,26,17
2015-02-06 00:00:00,37,19
2015-02-07 00:00:00,75,92
2015-02-08 00:00:00,49,129
2015-02-09 00:00:00,62,67
2015-02-10 00:00:00,43,68
2015-02-11 00:00:00,59,59
2015-02-12 00:00:00,35,25
2015-02-13 00:00:00,53,32
2015-02-14 00:00:00,63,94
2015-02-15 00:00:00,21,75
2015-02-16 00:00:00,29,6
2015-02-17 00:00:00,30,25
2015-02-18 00:00:00,35,38
2015-02-19 00:00:00,31,41
2015-02-20 00:00:00,49,35
2015-02-21 00:00:00,43,45
2015-02-22 00:00:00,9,5
2015-02-23 00:00:00,15,3
2015-02-24 00:00:00,26,4
2015-02-25 00:00:00,23,8
2015-02-26 00:00:00,17,20
2015-02-27 00:00:00,34,6
2015-02-28 00:00:00,8,3
2015-03-01 00:00:00,11,6
2015-03-02 00:00:00,26,13
2015-03-03 00:00:00,31,28
2015-03-04 00:00:00,15,4
2015-03-05 00:00:00,24,11
2015-03-06 00:00:00,33,17
2015-03-07 00:00:00,54,93
2015-03-08 00:00:00,18,34
2015-03-09 00:00:00,17,3
2015-03-10 00:00:00,24,37
2015-03-11 00:00:00,67,62
2015-03-12 00:00:00,49,62
2015-03-13 00:00:00,32,14
2015-03-14 00:00:00,62,68
2015-03-15 00:00:00,62,111
2015-03-16 00:00:00,63,98
2015-03-17 00:00:00,58,84
2015-03-18 00:00:00,38,46
2015-03-19 00:00:00,41,62
2015-03-20 00:00:00,26,11
2015-03-21 00:00:00,41,57
2015-03-22 00:00:00,44,88
2015-03-23 00:00:00,55,97
2015-03-24 00:00:00,66,93
2015-03-25 00:00:00,54,58
2015-03-26 00:00:00,259,44
2015-03-27 00:00:00,31,53
2015-03-28 00:00:00,66,109
2015-03-29 00:00:00,43,151
2015-03-30 00:00:00,58,90
2015-03-31 00:00:00,91,68
2015-04-01 00:00:00,35,26
2015-04-02 00:00:00,73,73
2015-04-03 00:00:00,83,37
2015-04-04 00:00:00,89,78
2015-04-05 00:00:00,35,24
2015-04-06 00:00:00,72,68
2015-04-07 00:00:00,53,77
2015-04-08 00:00:00,47,31
2015-04-09 00:00:00,43,73
2015-04-10 00:00:00,63,52
2015-04-11 00:00:00,58,101
2015-04-12 00:00:00,46,112
2015-04-13 00:00:00,26,30
2015-04-14 00:00:00,27,50
2015-04-15 00:00:00,85,86
2015-04-16 00:00:00,50,55
2015-04-17 00:00:00,50,33
2015-04-18 00:00:00,48,118
2015-04-19 00:00:00,65,112
2015-04-20 00:00:00,57,68
2015-04-21 00:00:00,42,73
2015-04-22 00:00:00,41,51
2015-04-23 00:00:00,43,50
2015-04-24 00:00:00,42,4
2015-04-25 00:00:00,87,166
2015-04-26 00:00:00,35,150
2015-04-27 00:00:00,27,17
2015-04-28 00:00:00,35,30
2015-04-29 00:00:00,49,128
2015-04-30 00:00:00,34,109
2015-05-01 00:00:00,66,86
2015-05-02 00:00:00,87,112
2015-05-03 00:00:00,77,144
2015-05-04 00:00:00,49,70
2015-05-05 00:00:00,39,64
2015-05-06 00:00:00,49,54
2015-05-07 00:00:00,61,35
2015-05-08 00:00:00,50,36
2015-05-09 00:00:00,55,33
2015-05-10 00:00:00,21,11
2015-05-11 00:00:00,64,100
2015-05-12 00:00:00,51,81
2015-05-13 00:00:00,13,23
2015-05-14 00:00:00,46,73
2015-05-15 00:00:00,50,36
2015-05-16 00:00:00,60,73
2015-05-17 00:00:00,35,148
2015-05-18 00:00:00,55,103
2015-05-19 00:00:00,61,50
2015-05-20 00:00:00,77,70
2015-05-21 00:00:00,57,41
2015-05-22 00:00:00,49,45
2015-05-23 00:00:00,71,80
2015-05-24 00:00:00,50,63
2015-05-25 00:00:00,48,104
2015-05-26 00:00:00,46,73
2015-05-27 00:00:00,74,79
2015-05-28 00:00:00,54,84
2015-05-29 00:00:00,65,57
2015-05-30 00:00:00,61,85
2015-05-31 00:00:00,67,239
2015-06-01 00:00:00,63,106
2015-06-02 00:00:00,79,102
2015-06-03 00:00:00,84,131
2015-06-04 00:00:00,76,99
2015-06-05 00:00:00,48,60
2015-06-06 00:00:00,70,159
2015-06-07 00:00:00,53,172
2015-06-08 00:00:00,46,103
2015-06-09 00:00:00,34,101
2015-06-10 00:00:00,37,86
2015-06-11 00:00:00,43,77
2015-06-12 00:00:00,49,103
2015-06-13 00:00:00,54,131
2015-06-14 00:00:00,42,137
2015-06-15 00:00:00,58,74
2015-06-16 00:00:00,47,49
2015-06-17 00:00:00,21,8
2015-06-18 00:00:00,52,67
2015-06-19 00:00:00,37,85
2015-06-20 00:00:00,64,149
2015-06-21 00:00:00,34,57
2015-06-22 00:00:00,45,93
2015-06-23 00:00:00,29,93
2015-06-24 00:00:00,46,81
2015-06-25 00:00:00,57,98
2015-06-26 00:00:00,50,55
2015-06-27 00:00:00,54,206
2015-06-28 00:00:00,71,162
2015-06-29 00:00:00,44,114
2015-06-30 00:00:00,40,84
2015-07-01 00:00:00,33,89
2015-07-02 00:00:00,31,70
2015-07-03 00:00:00,53,111
2015-07-04 00:00:00,30,155
2015-07-05 00:00:00,31,81
2015-07-06 00:00:00,40,101
2015-07-07 00:00:00,39,100
2015-07-08 00:00:00,39,85
2015-07-09 00:00:00,47,93
2015-07-10 00:00:00,69,86
2015-07-11 00:00:00,39,145
2015-07-12 00:00:00,49,129
2015-07-13 00:00:00,38,81
2015-07-14 00:00:00,53,82
2015-07-15 00:00:00,28,101
2015-07-16 00:00:00,35,92
2015-07-17 00:00:00,38,78
2015-07-18 00:00:00,36,126
2015-07-19 00:00:00,48,129
2015-07-20 00:00:00,29,90
2015-07-21 00:00:00,34,113
2015-07-22 00:00:00,43,66
2015-07-23 00:00:00,46,117
2015-07-24 00:00:00,32,49
2015-07-25 00:00:00,59,181
2015-07-26 00:00:00,36,93
2015-07-27 00:00:00,58,90
2015-07-28 00:00:00,56,96
2015-07-29 00:00:00,50,88
2015-07-30 00:00:00,42,75
2015-07-31 00:00:00,43,80
2015-08-01 00:00:00,62,146
2015-08-02 00:00:00,58,131
2015-08-03 00:00:00,49,84
2015-08-04 00:00:00,49,92
2015-08-05 00:00:00,33,93
2015-08-06 00:00:00,38,102
2015-08-07 00:00:00,33,74
2015-08-08 00:00:00,41,107
2015-08-09 00:00:00,27,138
2015-08-10 00:00:00,32,79
2015-08-11 00:00:00,56,105
2015-08-12 00:00:00,39,78
2015-08-13 00:00:00,33,97
2015-08-14 00:00:00,50,74
2015-08-15 00:00:00,41,154
2015-08-16 00:00:00,222,125
2015-08-17 00:00:00,47,90
2015-08-18 00:00:00,65,106
2015-08-19 00:00:00,47,99
2015-08-20 00:00:00,53,145
2015-08-21 00:00:00,52,86
2015-08-22 00:00:00,48,174
2015-08-23 00:00:00,43,130
2015-08-24 00:00:00,83,109
2015-08-25 00:00:00,67,93
2015-08-26 00:00:00,39,102
2015-08-27 00:00:00,31,95
2015-08-28 00:00:00,51,105
2015-08-29 00:00:00,64,142
2015-08-30 00:00:00,41,128
2015-08-31 00:00:00,47,98
2015-09-01 00:00:00,73,97
2015-09-02 00:00:00,36,102
2015-09-03 00:00:00,41,82
2015-09-04 00:00:00,37,78
2015-09-05 00:00:00,60,155
2015-09-06 00:00:00,36,113
2015-09-07 00:00:00,54,133
2015-09-08 00:00:00,51,88
2015-09-09 00:00:00,36,50
2015-09-10 00:00:00,51,73
2015-09-11 00:00:00,47,93
2015-09-12 00:00:00,71,208
2015-09-13 00:00:00,57,139
2015-09-14 00:00:00,45,80
2015-09-15 00:00:00,53,98
2015-09-16 00:00:00,43,105
2015-09-17 00:00:00,28,73
2015-09-18 00:00:00,41,66
2015-09-19 00:00:00,47,65
2015-09-20 00:00:00,50,143
2015-09-21 00:00:00,39,75
2015-09-22 00:00:00,69,75
2015-09-23 00:00:00,28,96
2015-09-24 00:00:00,48,89
2015-09-25 00:00:00,50,89
2015-09-26 00:00:00,40,115
2015-09-27 00:00:00,64,131
2015-09-28 00:00:00,55,105
2015-09-29 00:00:00,58,91
2015-09-30 00:00:00,42,113
2015-10-01 00:00:00,40,69
2015-10-02 00:00:00,51,93
2015-10-03 00:00:00,60,133
2015-10-04 00:00:00,67,97
2015-10-05 00:00:00,36,72
2015-10-06 00:00:00,59,82
2015-10-07 00:00:00,52,109
2015-10-08 00:00:00,39,95
2015-10-09 00:00:00,29,66
2015-10-10 00:00:00,53,145
2015-10-11 00:00:00,52,116
2015-10-12 00:00:00,27,84
2015-10-13 00:00:00,93,83
2015-10-14 00:00:00,42,58
2015-10-15 00:00:00,47,70
2015-10-16 00:00:00,32,63
2015-10-17 00:00:00,66,91
2015-10-18 00:00:00,47,135
2015-10-19 00:00:00,48,94
2015-10-20 00:00:00,49,61
2015-10-21 00:00:00,42,60
2015-10-22 00:00:00,39,50
2015-10-23 00:00:00,30,11
2015-10-24 00:00:00,42,7
2015-10-25 00:00:00,42,40
2015-10-26 00:00:00,30,81
2015-10-27 00:00:00,58,73
2015-10-28 00:00:00,44,75
2015-10-29 00:00:00,39,89
2015-10-30 00:00:00,14,6
2015-10-31 00:00:00,57,50
2015-11-01 00:00:00,48,54
2015-11-02 00:00:00,53,73
2015-11-03 00:00:00,89,77
2015-11-04 00:00:00,48,76
2015-11-05 00:00:00,17,40
2015-11-06 00:00:00,34,36
2015-11-07 00:00:00,41,66
2015-11-08 00:00:00,63,86
2015-11-09 00:00:00,50,48
2015-11-10 00:00:00,63,63
2015-11-11 00:00:00,32,47
2015-11-12 00:00:00,43,62
2015-11-13 00:00:00,42,48
2015-11-14 00:00:00,41,77
2015-11-15 00:00:00,41,36
2015-11-16 00:00:00,25,10
2015-11-17 00:00:00,29,39
2015-11-18 00:00:00,23,61
2015-11-19 00:00:00,62,42
2015-11-20 00:00:00,60,57
2015-11-21 00:00:00,42,56
2015-11-22 00:00:00,30,18
2015-11-23 00:00:00,37,19
2015-11-24 00:00:00,34,46
2015-11-25 00:00:00,32,38
2015-11-26 00:00:00,21,21
2015-11-27 00:00:00,13,3
2015-11-28 00:00:00,29,3
2015-11-29 00:00:00,12,4
2015-11-30 00:00:00,32,27
2015-12-01 00:00:00,41,26
2015-12-02 00:00:00,34,31
2015-12-03 00:00:00,38,44
2015-12-04 00:00:00,46,41
2015-12-05 00:00:00,43,101
2015-12-06 00:00:00,26,44
2015-12-07 00:00:00,43,51
2015-12-08 00:00:00,34,51
2015-12-09 00:00:00,36,54
2015-12-10 00:00:00,41,86
2015-12-11 00:00:00,66,51
2015-12-12 00:00:00,51,49
2015-12-13 00:00:00,22,28
2015-12-14 00:00:00,51,42
2015-12-15 00:00:00,41,53
2015-12-16 00:00:00,21,28
2015-12-17 00:00:00,35,22
2015-12-18 00:00:00,33,18
2015-12-19 00:00:00,44,73
2015-12-20 00:00:00,41,21
2015-12-21 00:00:00,54,39
2015-12-22 00:00:00,41,37
2015-12-23 00:00:00,38,45
2015-12-24 00:00:00,42,52
2015-12-25 00:00:00,26,41
2015-12-26 00:00:00,42,19
2015-12-27 00:00:00,2,1
2015-12-28 00:00:00,29,8
2015-12-29 00:00:00,31,24
2015-12-30 00:00:00,41,33
2015-12-31 00:00:00,33,37
2016-01-01 00:00:00,42,50
2016-01-02 00:00:00,32,37
2016-01-03 00:00:00,47,82
2016-01-04 00:00:00,45,28
2016-01-05 00:00:00,24,30
2016-01-06 00:00:00,24,13
2016-01-07 00:00:00,45,37
2016-01-08 00:00:00,42,27
2016-01-09 00:00:00,26,17
2016-01-10 00:00:00,17,21
2016-01-11 00:00:00,42,14
2016-01-12 00:00:00,35,41
2016-01-13 00:00:00,43,42
2016-01-14 00:00:00,35,29
2016-01-15 00:00:00,31,42
2016-01-16 00:00:00,32,29
2016-01-17 00:00:00,33,68
2016-01-18 00:00:00,50,36
2016-01-19 00:00:00,41,46
2016-01-20 00:00:00,54,24
2016-01-21 00:00:00,19,23
2016-01-22 00:00:00,32,28
2016-01-23 00:00:00,49,39
2016-01-24 00:00:00,49,95
2016-01-25 00:00:00,46,47
2016-01-26 00:00:00,23,36
2016-01-27 00:00:00,26,27
2016-01-28 00:00:00,37,66
2016-01-29 00:00:00,37,57
2016-01-30 00:00:00,47,137
2016-01-31 00:00:00,67,115
2016-02-01 00:00:00,35,43
2016-02-02 00:00:00,40,47
2016-02-03 00:00:00,22,33
2016-02-04 00:00:00,26,29
2016-02-05 00:00:00,22,34
2016-02-06 00:00:00,43,44
2016-02-07 00:00:00,45,51
2016-02-08 00:00:00,13,20
2016-02-09 00:00:00,35,35
2016-02-10 00:00:00,30,43
2016-02-11 00:00:00,44,52
2016-02-12 00:00:00,44,51
2016-02-13 00:00:00,72,63
2016-02-14 00:00:00,53,77
2016-02-15 00:00:00,47,59
2016-02-16 00:00:00,40,44
2016-02-17 00:00:00,45,50
2016-02-18 00:00:00,35,37
2016-02-19 00:00:00,53,45
2016-02-20 00:00:00,73,140
2016-02-21 00:00:00,46,54
2016-02-22 00:00:00,31,22
2016-02-23 00:00:00,8,7
2016-02-24 00:00:00,14,23
2016-02-25 00:00:00,55,37
2016-02-26 00:00:00,44,30
2016-02-27 00:00:00,81,142
2016-02-28 00:00:00,67,99
2016-02-29 00:00:00,24,57
2016-03-01 00:00:00,39,39
2016-03-02 00:00:00,35,32
2016-03-03 00:00:00,45,35
2016-03-04 00:00:00,51,51
2016-03-05 00:00:00,43,137
2016-03-06 00:00:00,47,93
2016-03-07 00:00:00,18,16
2016-03-08 00:00:00,32,17
2016-03-09 00:00:00,27,10
2016-03-10 00:00:00,26,9
2016-03-11 00:00:00,17,14
2016-03-12 00:00:00,64,58
2016-03-13 00:00:00,70,128
2016-03-14 00:00:00,38,76
2016-03-15 00:00:00,55,88
2016-03-16 00:00:00,57,67
2016-03-17 00:00:00,21,25
2016-03-18 00:00:00,35,16
2016-03-19 00:00:00,43,52
2016-03-20 00:00:00,32,58
2016-03-21 00:00:00,36,30
2016-03-22 00:00:00,37,58
2016-03-23 00:00:00,47,34
2016-03-24 00:00:00,48,31
2016-03-25 00:00:00,25,69
2016-03-26 00:00:00,49,125
2016-03-27 00:00:00,48,61
2016-03-28 00:00:00,27,73
2016-03-29 00:00:00,51,63
2016-03-30 00:00:00,39,20
2016-03-31 00:00:00,59,78
2016-04-01 00:00:00,24,36
2016-04-02 00:00:00,77,194
2016-04-03 00:00:00,60,187
2016-04-04 00:00:00,302,63
2016-04-05 00:00:00,61,65
2016-04-06 00:00:00,27,59
2016-04-07 00:00:00,51,70
2016-04-08 00:00:00,56,60
2016-04-09 00:00:00,42,80
2016-04-10 00:00:00,41,53
2016-04-11 00:00:00,27,32
2016-04-12 00:00:00,53,41
2016-04-13 00:00:00,59,20
2016-04-14 00:00:00,64,89
2016-04-15 00:00:00,60,74
2016-04-16 00:00:00,44,86
2016-04-17 00:00:00,21,17
2016-04-18 00:00:00,53,30
2016-04-19 00:00:00,48,87
2016-04-20 00:00:00,40,55
2016-04-21 00:00:00,63,60
2016-04-22 00:00:00,41,96
2016-04-23 00:00:00,79,103
2016-04-24 00:00:00,44,143
2016-04-25 00:00:00,36,51
2016-04-26 00:00:00,22,43
2016-04-27 00:00:00,81,76
2016-04-28 00:00:00,52,77
2016-04-29 00:00:00,34,20
2016-04-30 00:00:00,50,143
2016-05-01 00:00:00,102,130
2016-05-02 00:00:00,39,47
2016-05-03 00:00:00,28,89
2016-05-04 00:00:00,57,95
2016-05-05 00:00:00,37,89
2016-05-06 00:00:00,41,74
2016-05-07 00:00:00,46,90
2016-05-08 00:00:00,21,24
2016-05-09 00:00:00,37,57
2016-05-10 00:00:00,31,83
2016-05-11 00:00:00,34,71
2016-05-12 00:00:00,41,74
2016-05-13 00:00:00,39,73
2016-05-14 00:00:00,91,82
2016-05-15 00:00:00,70,117
2016-05-16 00:00:00,40,57
2016-05-17 00:00:00,50,58
2016-05-18 00:00:00,44,30
2016-05-19 00:00:00,38,31
2016-05-20 00:00:00,46,66
2016-05-21 00:00:00,69,148
2016-05-22 00:00:00,61,140
2016-05-23 00:00:00,32,67
2016-05-24 00:00:00,52,81
2016-05-25 00:00:00,57,110
2016-05-26 00:00:00,33,48
2016-05-27 00:00:00,28,67
2016-05-28 00:00:00,59,153
2016-05-29 00:00:00,53,79
2016-05-30 00:00:00,55,191
2016-05-31 00:00:00,26,34
2016-06-01 00:00:00,40,62
2016-06-02 00:00:00,19,24
2016-06-03 00:00:00,61,60
2016-06-04 00:00:00,62,210
2016-06-05 00:00:00,78,213
2016-06-06 00:00:00,47,108
2016-06-07 00:00:00,50,104
2016-06-08 00:00:00,55,113
2016-06-09 00:00:00,30,90
2016-06-10 00:00:00,39,91
2016-06-11 00:00:00,38,125
2016-06-12 00:00:00,23,78
2016-06-13 00:00:00,38,57
2016-06-14 00:00:00,58,97
2016-06-15 00:00:00,35,94
2016-06-16 00:00:00,31,93
2016-06-17 00:00:00,40,52
2016-06-18 00:00:00,32,115
2016-06-19 00:00:00,39,110
2016-06-20 00:00:00,40,105
2016-06-21 00:00:00,47,93
2016-06-22 00:00:00,26,80
2016-06-23 00:00:00,34,96
2016-06-24 00:00:00,36,72
2016-06-25 00:00:00,44,175
2016-06-26 00:00:00,31,118
2016-06-27 00:00:00,53,72
2016-06-28 00:00:00,56,97
2016-06-29 00:00:00,34,93
2016-06-30 00:00:00,40,82
2016-07-01 00:00:00,56,68
2016-07-02 00:00:00,36,111
2016-07-03 00:00:00,47,111
2016-07-04 00:00:00,29,113
2016-07-05 00:00:00,59,70
2016-07-06 00:00:00,49,96
2016-07-07 00:00:00,32,61
2016-07-08 00:00:00,23,77
2016-07-09 00:00:00,14,123
2016-07-10 00:00:00,38,134
2016-07-11 00:00:00,45,56
2016-07-12 00:00:00,52,63
2016-07-13 00:00:00,52,63
2016-07-14 00:00:00,41,81
2016-07-15 00:00:00,40,58
2016-07-16 00:00:00,42,160
2016-07-17 00:00:00,27,136
2016-07-18 00:00:00,34,71
2016-07-19 00:00:00,61,103
2016-07-20 00:00:00,52,97
2016-07-21 00:00:00,45,57
2016-07-22 00:00:00,26,71
2016-07-23 00:00:00,43,134
2016-07-24 00:00:00,32,117
2016-07-25 00:00:00,48,67
2016-07-26 00:00:00,55,104
2016-07-27 00:00:00,49,62
2016-07-28 00:00:00,32,90
2016-07-29 00:00:00,34,77
2016-07-30 00:00:00,44,124
2016-07-31 00:00:00,37,130
2016-08-01 00:00:00,36,74
2016-08-02 00:00:00,58,100
2016-08-03 00:00:00,87,71
2016-08-04 00:00:00,37,64
2016-08-05 00:00:00,37,56
2016-08-06 00:00:00,72,129
2016-08-07 00:00:00,34,127
2016-08-08 00:00:00,34,84
2016-08-09 00:00:00,49,104
2016-08-10 00:00:00,46,65
2016-08-11 00:00:00,45,75
2016-08-12 00:00:00,27,57
2016-08-13 00:00:00,56,127
2016-08-14 00:00:00,44,116
2016-08-15 00:00:00,41,68
2016-08-16 00:00:00,68,116
2016-08-17 00:00:00,57,78
2016-08-18 00:00:00,46,56
2016-08-19 00:00:00,31,36
2016-08-20 00:00:00,43,55
2016-08-21 00:00:00,76,167
2016-08-22 00:00:00,36,49
2016-08-23 00:00:00,68,100
2016-08-24 00:00:00,57,61
2016-08-25 00:00:00,52,80
2016-08-26 00:00:00,36,59
2016-08-27 00:00:00,48,137
2016-08-28 00:00:00,37,175
2016-08-29 00:00:00,36,70
2016-08-30 00:00:00,71,106
2016-08-31 00:00:00,55,79
2016-09-01 00:00:00,42,85
2016-09-02 00:00:00,57,87
2016-09-03 00:00:00,50,140
2016-09-04 00:00:00,39,111
2016-09-05 00:00:00,44,128
2016-09-06 00:00:00,32,80
2016-09-07 00:00:00,41,84
2016-09-08 00:00:00,39,75
2016-09-09 00:00:00,32,59
2016-09-10 00:00:00,55,90
2016-09-11 00:00:00,50,177
2016-09-12 00:00:00,40,115
2016-09-13 00:00:00,66,85
2016-09-14 00:00:00,50,62
2016-09-15 00:00:00,49,76
2016-09-16 00:00:00,57,56
2016-09-17 00:00:00,69,79
2016-09-18 00:00:00,55,119
2016-09-19 00:00:00,43,89
2016-09-20 00:00:00,73,86
2016-09-21 00:00:00,38,89
2016-09-22 00:00:00,46,82
2016-09-23 00:00:00,39,67
2016-09-24 00:00:00,48,109
2016-09-25 00:00:00,22,43
2016-09-26 00:00:00,55,46
2016-09-27 00:00:00,45,119
2016-09-28 00:00:00,60,105
2016-09-29 00:00:00,41,96
2016-09-30 00:00:00,50,55
2016-10-01 00:00:00,57,138
2016-10-02 00:00:00,62,144
2016-10-03 00:00:00,58,73
2016-10-04 00:00:00,49,95
2016-10-05 00:00:00,34,97
2016-10-06 00:00:00,44,52
2016-10-07 00:00:00,43,30
2016-10-08 00:00:00,73,135
2016-10-09 00:00:00,83,142
2016-10-10 00:00:00,58,89
2016-10-11 00:00:00,56,87
2016-10-12 00:00:00,58,84
2016-10-13 00:00:00,48,101
2016-10-14 00:00:00,58,50
2016-10-15 00:00:00,52,97
2016-10-16 00:00:00,67,118
2016-10-17 00:00:00,42,70
2016-10-18 00:00:00,36,64
2016-10-19 00:00:00,35,80
2016-10-20 00:00:00,82,57
2016-10-21 00:00:00,67,68
2016-10-22 00:00:00,70,125
2016-10-23 00:00:00,58,117
2016-10-24 00:00:00,82,81
2016-10-25 00:00:00,76,86
2016-10-26 00:00:00,32,90
2016-10-27 00:00:00,32,70
2016-10-28 00:00:00,50,77
2016-10-29 00:00:00,70,137
2016-10-30 00:00:00,45,138
2016-10-31 00:00:00,63,74
2016-11-01 00:00:00,44,76
2016-11-02 00:00:00,43,70
2016-11-03 00:00:00,43,60
2016-11-04 00:00:00,50,76
2016-11-05 00:00:00,78,120
2016-11-06 00:00:00,39,87
2016-11-07 00:00:00,32,23
2016-11-08 00:00:00,41,42
2016-11-09 00:00:00,52,48
2016-11-10 00:00:00,41,82
2016-11-11 00:00:00,54,84
2016-11-12 00:00:00,60,139
2016-11-13 00:00:00,43,77
2016-11-14 00:00:00,56,75
2016-11-15 00:00:00,67,78
2016-11-16 00:00:00,50,78
2016-11-17 00:00:00,39,46
2016-11-18 00:00:00,41,39
2016-11-19 00:00:00,48,54
2016-11-20 00:00:00,38,54
2016-11-21 00:00:00,44,41
2016-11-22 00:00:00,42,37
2016-11-23 00:00:00,48,49
2016-11-24 00:00:00,31,38
2016-11-25 00:00:00,34,54
2016-11-26 00:00:00,60,83
2016-11-27 00:00:00,43,39
2016-11-28 00:00:00,46,25
2016-11-29 00:00:00,58,46
2016-11-30 00:00:00,44,47
2016-12-01 00:00:00,34,45
2016-12-02 00:00:00,34,39
2016-12-03 00:00:00,24,11
2016-12-04 00:00:00,35,22
2016-12-05 00:00:00,27,28
2016-12-06 00:00:00,36,45
2016-12-07 00:00:00,24,27
2016-12-08 00:00:00,26,11
2016-12-09 00:00:00,33,15
2016-12-10 00:00:00,27,25
2016-12-11 00:00:00,38,83
2016-12-12 00:00:00,43,39
2016-12-13 00:00:00,33,36
2016-12-14 00:00:00,44,24
2016-12-15 00:00:00,30,15
2016-12-16 00:00:00,36,24
2016-12-17 00:00:00,43,58
2016-12-18 00:00:00,10,6
2016-12-19 00:00:00,31,13
2016-12-20 00:00:00,35,39
2016-12-21 00:00:00,48,52
2016-12-22 00:00:00,30,25
2016-12-23 00:00:00,29,19
2016-12-24 00:00:00,25,43
2016-12-25 00:00:00,18,22
2016-12-26 00:00:00,57,63
2016-12-27 00:00:00,53,41
2016-12-28 00:00:00,46,70
2016-12-29 00:00:00,35,26
2016-12-30 00:00:00,37,28
2016-12-31 00:00:00,47,80
2017-01-01 00:00:00,37,56
2017-01-02 00:00:00,55,108
2017-01-03 00:00:00,19,29
2017-01-04 00:00:00,23,32
2017-01-05 00:00:00,27,15
2017-01-06 00:00:00,28,5
2017-01-07 00:00:00,35,15
2017-01-08 00:00:00,26,22
2017-01-09 00:00:00,35,25
2017-01-10 00:00:00,44,78
2017-01-11 00:00:00,34,51
2017-01-12 00:00:00,28,39
2017-01-13 00:00:00,21,18
2017-01-14 00:00:00,21,7
2017-01-15 00:00:00,23,14
2017-01-16 00:00:00,55,47
2017-01-17 00:00:00,29,40
2017-01-18 00:00:00,39,30
2017-01-19 00:00:00,32,42
2017-01-20 00:00:00,93,53
2017-01-21 00:00:00,39,101
2017-01-22 00:00:00,27,31
2017-01-23 00:00:00,50,45
2017-01-24 00:00:00,45,61
2017-01-25 00:00:00,43,38
2017-01-26 00:00:00,25,39
2017-01-27 00:00:00,36,32
2017-01-28 00:00:00,50,72
2017-01-29 00:00:00,43,71
2017-01-30 00:00:00,69,68
2017-01-31 00:00:00,42,78
2017-02-01 00:00:00,84,81
2017-02-02 00:00:00,33,28
2017-02-03 00:00:00,47,35
2017-02-04 00:00:00,50,33
2017-02-05 00:00:00,64,87
2017-02-06 00:00:00,71,61
2017-02-07 00:00:00,60,72
2017-02-08 00:00:00,38,41
2017-02-09 00:00:00,33,35
2017-02-10 00:00:00,43,40
2017-02-11 00:00:00,82,101
2017-02-12 00:00:00,59,77
2017-02-13 00:00:00,54,47
2017-02-14 00:00:00,13,15
2017-02-15 00:00:00,47,41
2017-02-16 00:00:00,46,63
2017-02-17 00:00:00,42,46
2017-02-18 00:00:00,72,142
2017-02-19 00:00:00,31,54
2017-02-20 00:00:00,58,51
2017-02-21 00:00:00,74,84
2017-02-22 00:00:00,60,91
2017-02-23 00:00:00,47,78
2017-02-24 00:00:00,41,34
2017-02-25 00:00:00,35,58
2017-02-26 00:00:00,40,69
2017-02-27 00:00:00,57,51
2017-02-28 00:00:00,59,63
2017-03-01 00:00:00,46,48
2017-03-02 00:00:00,53,57
2017-03-03 00:00:00,41,67
2017-03-04 00:00:00,45,35
2017-03-05 00:00:00,24,27
2017-03-06 00:00:00,56,55
2017-03-07 00:00:00,66,77
2017-03-08 00:00:00,84,74
2017-03-09 00:00:00,60,61
2017-03-10 00:00:00,49,73
2017-03-11 00:00:00,51,56
2017-03-12 00:00:00,37,23
2017-03-13 00:00:00,57,30
2017-03-14 00:00:00,63,62
2017-03-15 00:00:00,47,36
2017-03-16 00:00:00,45,61
2017-03-17 00:00:00,57,60
2017-03-18 00:00:00,61,137
2017-03-19 00:00:00,63,134
2017-03-20 00:00:00,98,69
2017-03-21 00:00:00,49,75
2017-03-22 00:00:00,51,63
2017-03-23 00:00:00,56,71
2017-03-24 00:00:00,48,46
2017-03-25 00:00:00,81,119
2017-03-26 00:00:00,77,76
2017-03-27 00:00:00,59,60
2017-03-28 00:00:00,51,56
2017-03-29 00:00:00,84,72
2017-03-30 00:00:00,40,71
2017-03-31 00:00:00,49,55
2017-04-01 00:00:00,66,111
2017-04-02 00:00:00,53,18
2017-04-03 00:00:00,63,104
2017-04-04 00:00:00,85,84
2017-04-05 00:00:00,42,55
2017-04-06 00:00:00,72,79
2017-04-07 00:00:00,45,77
2017-04-08 00:00:00,57,93
2017-04-09 00:00:00,48,58
2017-04-10 00:00:00,55,45
2017-04-11 00:00:00,64,79
2017-04-12 00:00:00,48,79
2017-04-13 00:00:00,52,55
2017-04-14 00:00:00,76,119
2017-04-15 00:00:00,43,119
2017-04-16 00:00:00,62,72
2017-04-17 00:00:00,46,45
2017-04-18 00:00:00,94,88
2017-04-19 00:00:00,50,79
2017-04-20 00:00:00,61,71
2017-04-21 00:00:00,88,60
2017-04-22 00:00:00,66,56
2017-04-23 00:00:00,42,94
2017-04-24 00:00:00,59,64
2017-04-25 00:00:00,57,64
2017-04-26 00:00:00,27,40
2017-04-27 00:00:00,36,106
2017-04-28 00:00:00,70,59
2017-04-29 00:00:00,52,41
2017-04-30 00:00:00,34,47
2017-05-01 00:00:00,112,78
2017-05-02 00:00:00,49,84
2017-05-03 00:00:00,56,44
2017-05-04 00:00:00,61,84
2017-05-05 00:00:00,75,95
2017-05-06 00:00:00,67,119
2017-05-07 00:00:00,64,139
2017-05-08 00:00:00,65,71
2017-05-09 00:00:00,61,87
2017-05-10 00:00:00,47,55
2017-05-11 00:00:00,70,75
2017-05-12 00:00:00,47,49
2017-05-13 00:00:00,62,146
2017-05-14 00:00:00,43,94
2017-05-15 00:00:00,54,77
2017-05-16 00:00:00,66,83
2017-05-17 00:00:00,59,83
2017-05-18 00:00:00,54,47
2017-05-19 00:00:00,45,57
2017-05-20 00:00:00,43,84
2017-05-21 00:00:00,48,141
2017-05-22 00:00:00,65,79
2017-05-23 00:00:00,40,26
2017-05-24 00:00:00,52,99
2017-05-25 00:00:00,49,54
2017-05-26 00:00:00,39,71
2017-05-27 00:00:00,46,114
2017-05-28 00:00:00,38,97
2017-05-29 00:00:00,63,176
2017-05-30 00:00:00,77,76
2017-05-31 00:00:00,74,64
2017-06-01 00:00:00,42,65
2017-06-02 00:00:00,30,41
2017-06-03 00:00:00,62,53
2017-06-04 00:00:00,48,122
2017-06-05 00:00:00,100,54
2017-06-06 00:00:00,54,100
2017-06-07 00:00:00,83,116
2017-06-08 00:00:00,56,96
2017-06-09 00:00:00,25,54
2017-06-10 00:00:00,38,106
2017-06-11 00:00:00,50,127
2017-06-12 00:00:00,52,96
2017-06-13 00:00:00,60,86
2017-06-14 00:00:00,46,82
2017-06-15 00:00:00,50,95
2017-06-16 00:00:00,29,47
2017-06-17 00:00:00,49,111
2017-06-18 00:00:00,39,95
2017-06-19 00:00:00,56,81
2017-06-20 00:00:00,60,119
2017-06-21 00:00:00,57,102
2017-06-22 00:00:00,37,84
2017-06-23 00:00:00,55,62
2017-06-24 00:00:00,40,51
2017-06-25 00:00:00,55,160
2017-06-26 00:00:00,62,71
2017-06-27 00:00:00,64,75
2017-06-28 00:00:00,55,104
2017-06-29 00:00:00,49,81
2017-06-30 00:00:00,40,54
2017-07-01 00:00:00,62,54
2017-07-02 00:00:00,39,140
2017-07-03 00:00:00,68,118
2017-07-04 00:00:00,68,137
2017-07-05 00:00:00,42,70
2017-07-06 00:00:00,64,81
2017-07-07 00:00:00,54,104
2017-07-08 00:00:00,42,106
2017-07-09 00:00:00,40,134
2017-07-10 00:00:00,41,79
2017-07-11 00:00:00,53,111
2017-07-12 00:00:00,51,94
2017-07-13 00:00:00,45,84
2017-07-14 00:00:00,51,55
2017-07-15 00:00:00,60,126
2017-07-16 00:00:00,42,105
2017-07-17 00:00:00,103,81
2017-07-18 00:00:00,66,95
2017-07-19 00:00:00,36,79
2017-07-20 00:00:00,53,61
2017-07-21 00:00:00,31,53
2017-07-22 00:00:00,27,56
2017-07-23 00:00:00,17,41
2017-07-24 00:00:00,54,60
2017-07-25 00:00:00,41,96
2017-07-26 00:00:00,47,74
2017-07-27 00:00:00,51,67
2017-07-28 00:00:00,30,52
2017-07-29 00:00:00,59,125
2017-07-30 00:00:00,39,98
2017-07-31 00:00:00,73,89
2017-08-01 00:00:00,57,75
2017-08-02 00:00:00,43,42
2017-08-03 00:00:00,62,96
2017-08-04 00:00:00,53,87
2017-08-05 00:00:00,53,131
2017-08-06 00:00:00,41,162
2017-08-07 00:00:00,57,111
2017-08-08 00:00:00,49,78
2017-08-09 00:00:00,74,67
2017-08-10 00:00:00,50,68
2017-08-11 00:00:00,24,48
2017-08-12 00:00:00,47,109
2017-08-13 00:00:00,46,60
2017-08-14 00:00:00,54,71
2017-08-15 00:00:00,65,96
2017-08-16 00:00:00,43,87
2017-08-17 00:00:00,27,80
2017-08-18 00:00:00,39,59
2017-08-19 00:00:00,47,112
2017-08-20 00:00:00,39,111
2017-08-21 00:00:00,38,65
2017-08-22 00:00:00,24,61
2017-08-23 00:00:00,26,51
2017-08-24 00:00:00,36,42
2017-08-25 00:00:00,29,57
2017-08-26 00:00:00,46,122
2017-08-27 00:00:00,54,111
2017-08-28 00:00:00,41,99
2017-08-29 00:00:00,43,62
2017-08-30 00:00:00,50,82
2017-08-31 00:00:00,35,84
2017-09-01 00:00:00,39,68
2017-09-02 00:00:00,44,148
2017-09-03 00:00:00,36,113
2017-09-04 00:00:00,47,139
2017-09-05 00:00:00,232,47
2017-09-06 00:00:00,63,73
2017-09-07 00:00:00,44,71
2017-09-08 00:00:00,53,76
2017-09-09 00:00:00,70,168
2017-09-10 00:00:00,34,138
2017-09-11 00:00:00,37,75
2017-09-12 00:00:00,67,69
2017-09-13 00:00:00,45,64
2017-09-14 00:00:00,34,61
2017-09-15 00:00:00,49,44
2017-09-16 00:00:00,65,130
2017-09-17 00:00:00,45,115
2017-09-18 00:00:00,52,70
2017-09-19 00:00:00,48,96
2017-09-20 00:00:00,45,69
2017-09-21 00:00:00,38,58
2017-09-22 00:00:00,42,38
2017-09-23 00:00:00,55,112
2017-09-24 00:00:00,54,154
2017-09-25 00:00:00,33,69
2017-09-26 00:00:00,41,67
2017-09-27 00:00:00,27,66
2017-09-28 00:00:00,37,38
2017-09-29 00:00:00,50,39
2017-09-30 00:00:00,71,157
2017-10-01 00:00:00,50,130
2017-10-02 00:00:00,47,58
2017-10-03 00:00:00,69,40
2017-10-04 00:00:00,34,64
2017-10-05 00:00:00,49,47
2017-10-06 00:00:00,45,91
2017-10-07 00:00:00,64,120
2017-10-08 00:00:00,53,155
2017-10-09 00:00:00,48,66
2017-10-10 00:00:00,52,48
2017-10-11 00:00:00,39,91
2017-10-12 00:00:00,57,90
2017-10-13 00:00:00,42,58
2017-10-14 00:00:00,45,104
2017-10-15 00:00:00,40,81
2017-10-16 00:00:00,62,63
2017-10-17 00:00:00,41,59
2017-10-18 00:00:00,43,85
2017-10-19 00:00:00,70,82
2017-10-20 00:00:00,50,53
2017-10-21 00:00:00,71,80
2017-10-22 00:00:00,42,75
2017-10-23 00:00:00,35,52
2017-10-24 00:00:00,60,39
2017-10-25 00:00:00,35,62
2017-10-26 00:00:00,34,65
2017-10-27 00:00:00,32,18
2017-10-28 00:00:00,46,52
2017-10-29 00:00:00,56,106
2017-10-30 00:00:00,,
2017-10-31 00:00:00,,
2017-11-01 00:00:00,,
2017-11-02 00:00:00,,
2017-11-03 00:00:00,,
2017-11-04 00:00:00,139,89
2017-11-05 00:00:00,45,141
2017-11-06 00:00:00,46,44
2017-11-07 00:00:00,33,34
2017-11-08 00:00:00,24,12
2017-11-09 00:00:00,36,35
2017-11-10 00:00:00,48,47
2017-11-11 00:00:00,39,59
2017-11-12 00:00:00,32,67
2017-11-13 00:00:00,48,35
2017-11-14 00:00:00,46,57
2017-11-15 00:00:00,42,48
2017-11-16 00:00:00,46,50
2017-11-17 00:00:00,51,53
2017-11-18 00:00:00,51,62
2017-11-19 00:00:00,48,58
2017-11-20 00:00:00,52,38
2017-11-21 00:00:00,47,47
2017-11-22 00:00:00,49,52
2017-11-23 00:00:00,37,34
2017-11-24 00:00:00,36,54
2017-11-25 00:00:00,54,55
2017-11-26 00:00:00,50,96
2017-11-27 00:00:00,37,37
2017-11-28 00:00:00,54,38
2017-11-29 00:00:00,31,40
2017-11-30 00:00:00,32,50
2017-12-01 00:00:00,34,47
2017-12-02 00:00:00,,
2017-12-03 00:00:00,,
2017-12-04 00:00:00,,
2017-12-05 00:00:00,,
2017-12-06 00:00:00,,
2017-12-07 00:00:00,,
2017-12-08 00:00:00,,
2017-12-09 00:00:00,,
2017-12-10 00:00:00,,
2017-12-11 00:00:00,,
2017-12-12 00:00:00,,
2017-12-13 00:00:00,,
2017-12-14 00:00:00,,
2017-12-15 00:00:00,,
2017-12-16 00:00:00,,
2017-12-17 00:00:00,,
2017-12-18 00:00:00,,
2017-12-19 00:00:00,,
2017-12-20 00:00:00,,
2017-12-21 00:00:00,,
2017-12-22 00:00:00,,
2017-12-23 00:00:00,,
2017-12-24 00:00:00,,
2017-12-25 00:00:00,,
2017-12-26 00:00:00,,
2017-12-27 00:00:00,,
2017-12-28 00:00:00,,
2017-12-29 00:00:00,,
2017-12-30 00:00:00,,
2017-12-31 00:00:00,,
2018-01-01 00:00:00,,
2018-01-02 00:00:00,,
2018-01-03 00:00:00,,
2018-01-04 00:00:00,,
2018-01-05 00:00:00,,
2018-01-06 00:00:00,,
2018-01-07 00:00:00,,
2018-01-08 00:00:00,,
2018-01-09 00:00:00,,
2018-01-10 00:00:00,,
2018-01-11 00:00:00,,
2018-01-12 00:00:00,,
2018-01-13 00:00:00,,
2018-01-14 00:00:00,,
2018-01-15 00:00:00,,
2018-01-16 00:00:00,,
2018-01-17 00:00:00,,
2018-01-18 00:00:00,,
2018-01-19 00:00:00,,
2018-01-20 00:00:00,,
2018-01-21 00:00:00,,
2018-01-22 00:00:00,,
2018-01-23 00:00:00,,
2018-01-24 00:00:00,,
2018-01-25 00:00:00,,
2018-01-26 00:00:00,,
2018-01-27 00:00:00,,
2018-01-28 00:00:00,,
2018-01-29 00:00:00,,
2018-01-30 00:00:00,,
2018-01-31 00:00:00,,
2018-02-01 00:00:00,,
2018-02-02 00:00:00,,
2018-02-03 00:00:00,,
2018-02-04 00:00:00,,
2018-02-05 00:00:00,,
2018-02-06 00:00:00,,
2018-02-07 00:00:00,35,15
2018-02-08 00:00:00,42,42
2018-02-09 00:00:00,893,110
2018-02-10 00:00:00,19,16
2018-02-11 00:00:00,18,8
2018-02-12 00:00:00,35,17
2018-02-13 00:00:00,29,25
2018-02-14 00:00:00,54,50
2018-02-15 00:00:00,199,47
2018-02-16 00:00:00,43,13
2018-02-17 00:00:00,84,43
2018-02-18 00:00:00,54,25
2018-02-19 00:00:00,91,40
2018-02-20 00:00:00,20,6
2018-02-21 00:00:00,12,5
2018-02-22 00:00:00,33,7
2018-02-23 00:00:00,19,5
2018-02-24 00:00:00,39,17
2018-02-25 00:00:00,110,83
2018-02-26 00:00:00,81,34
2018-02-27 00:00:00,23,12
2018-02-28 00:00:00,42,8
2018-03-01 00:00:00,60,44
2018-03-02 00:00:00,,
