Date,Denton Branch Rail Trail (S of Morse Street) Pedestrians,Denton Branch Rail Trail (S of Morse Street) Cyclists
2014-07-23 00:00:00,44,109
2014-07-24 00:00:00,53,179
2014-07-25 00:00:00,129,121
2014-07-26 00:00:00,44,141
2014-07-27 00:00:00,29,109
2014-07-28 00:00:00,55,150
2014-07-29 00:00:00,43,145
2014-07-30 00:00:00,61,132
2014-07-31 00:00:00,64,115
2014-08-01 00:00:00,51,142
2014-08-02 00:00:00,63,209
2014-08-03 00:00:00,34,143
2014-08-04 00:00:00,58,131
2014-08-05 00:00:00,64,121
2014-08-06 00:00:00,67,144
2014-08-07 00:00:00,54,138
2014-08-08 00:00:00,37,109
2014-08-09 00:00:00,49,128
2014-08-10 00:00:00,44,135
2014-08-11 00:00:00,47,144
2014-08-12 00:00:00,53,124
2014-08-13 00:00:00,55,173
2014-08-14 00:00:00,42,147
2014-08-15 00:00:00,48,106
2014-08-16 00:00:00,210,124
2014-08-17 00:00:00,36,74
2014-08-18 00:00:00,101,153
2014-08-19 00:00:00,152,209
2014-08-20 00:00:00,99,136
2014-08-21 00:00:00,293,139
2014-08-22 00:00:00,53,108
2014-08-23 00:00:00,77,110
2014-08-24 00:00:00,46,142
2014-08-25 00:00:00,48,122
2014-08-26 00:00:00,55,108
2014-08-27 00:00:00,52,146
2014-08-28 00:00:00,58,144
2014-08-29 00:00:00,85,85
2014-08-30 00:00:00,26,153
2014-08-31 00:00:00,38,142
2014-09-01 00:00:00,54,172
2014-09-02 00:00:00,50,256
2014-09-03 00:00:00,54,127
2014-09-04 00:00:00,48,130
2014-09-05 00:00:00,54,116
2014-09-06 00:00:00,48,126
2014-09-07 00:00:00,34,138
2014-09-08 00:00:00,63,140
2014-09-09 00:00:00,37,125
2014-09-10 00:00:00,33,127
2014-09-11 00:00:00,51,131
2014-09-12 00:00:00,27,65
2014-09-13 00:00:00,35,129
2014-09-14 00:00:00,41,170
2014-09-15 00:00:00,53,132
2014-09-16 00:00:00,60,176
2014-09-17 00:00:00,132,124
2014-09-18 00:00:00,43,123
2014-09-19 00:00:00,195,108
2014-09-20 00:00:00,45,133
2014-09-21 00:00:00,45,83
2014-09-22 00:00:00,73,123
2014-09-23 00:00:00,53,163
2014-09-24 00:00:00,58,139
2014-09-25 00:00:00,59,174
2014-09-26 00:00:00,178,112
2014-09-27 00:00:00,54,133
2014-09-28 00:00:00,40,149
2014-09-29 00:00:00,446,144
2014-09-30 00:00:00,1290,267
2014-10-01 00:00:00,131,124
2014-10-02 00:00:00,93,97
2014-10-03 00:00:00,31,115
2014-10-04 00:00:00,48,119
2014-10-05 00:00:00,55,116
2014-10-06 00:00:00,48,115
2014-10-07 00:00:00,39,135
2014-10-08 00:00:00,46,106
2014-10-09 00:00:00,52,100
2014-10-10 00:00:00,56,86
2014-10-11 00:00:00,33,73
2014-10-12 00:00:00,39,103
2014-10-13 00:00:00,49,72
2014-10-14 00:00:00,42,265
2014-10-15 00:00:00,65,136
2014-10-16 00:00:00,51,101
2014-10-17 00:00:00,74,132
2014-10-18 00:00:00,88,160
2014-10-19 00:00:00,69,145
2014-10-20 00:00:00,69,129
2014-10-21 00:00:00,66,149
2014-10-22 00:00:00,69,129
2014-10-23 00:00:00,35,105
2014-10-24 00:00:00,27,133
2014-10-25 00:00:00,56,181
2014-10-26 00:00:00,26,96
2014-10-27 00:00:00,42,99
2014-10-28 00:00:00,45,100
2014-10-29 00:00:00,54,133
2014-10-30 00:00:00,45,113
2014-10-31 00:00:00,38,99
2014-11-01 00:00:00,43,71
2014-11-02 00:00:00,28,83
2014-11-03 00:00:00,28,93
2014-11-04 00:00:00,8,30
2014-11-05 00:00:00,45,54
2014-11-06 00:00:00,42,108
2014-11-07 00:00:00,26,99
2014-11-08 00:00:00,57,94
2014-11-09 00:00:00,42,96
2014-11-10 00:00:00,45,92
2014-11-11 00:00:00,16,60
2014-11-12 00:00:00,21,36
2014-11-13 00:00:00,78,57
2014-11-14 00:00:00,20,36
2014-11-15 00:00:00,33,52
2014-11-16 00:00:00,13,23
2014-11-17 00:00:00,26,46
2014-11-18 00:00:00,43,67
2014-11-19 00:00:00,40,74
2014-11-20 00:00:00,41,98
2014-11-21 00:00:00,31,70
2014-11-22 00:00:00,19,26
2014-11-23 00:00:00,41,160
2014-11-24 00:00:00,33,70
2014-11-25 00:00:00,41,69
2014-11-26 00:00:00,21,76
2014-11-27 00:00:00,18,41
2014-11-28 00:00:00,23,89
2014-11-29 00:00:00,34,95
2014-11-30 00:00:00,48,94
2014-12-01 00:00:00,16,53
2014-12-02 00:00:00,18,58
2014-12-03 00:00:00,36,71
2014-12-04 00:00:00,27,66
2014-12-05 00:00:00,24,81
2014-12-06 00:00:00,34,105
2014-12-07 00:00:00,26,58
2014-12-08 00:00:00,23,58
2014-12-09 00:00:00,19,58
2014-12-10 00:00:00,28,73
2014-12-11 00:00:00,34,74
2014-12-12 00:00:00,37,90
2014-12-13 00:00:00,32,109
2014-12-14 00:00:00,13,57
2014-12-15 00:00:00,34,67
2014-12-16 00:00:00,51,56
2014-12-17 00:00:00,14,41
2014-12-18 00:00:00,22,62
2014-12-19 00:00:00,36,40
2014-12-20 00:00:00,41,55
2014-12-21 00:00:00,13,84
2014-12-22 00:00:00,24,82
2014-12-23 00:00:00,38,38
2014-12-24 00:00:00,23,55
2014-12-25 00:00:00,22,13
2014-12-26 00:00:00,37,52
2014-12-27 00:00:00,17,32
2014-12-28 00:00:00,23,44
2014-12-29 00:00:00,29,67
2014-12-30 00:00:00,23,57
2014-12-31 00:00:00,17,35
2015-01-01 00:00:00,10,10
2015-01-02 00:00:00,28,28
2015-01-03 00:00:00,42,70
2015-01-04 00:00:00,13,28
2015-01-05 00:00:00,49,38
2015-01-06 00:00:00,32,59
2015-01-07 00:00:00,10,28
2015-01-08 00:00:00,20,36
2015-01-09 00:00:00,21,38
2015-01-10 00:00:00,51,50
2015-01-11 00:00:00,12,43
2015-01-12 00:00:00,23,49
2015-01-13 00:00:00,33,53
2015-01-14 00:00:00,22,43
2015-01-15 00:00:00,60,83
2015-01-16 00:00:00,22,71
2015-01-17 00:00:00,46,106
2015-01-18 00:00:00,26,108
2015-01-19 00:00:00,59,171
2015-01-20 00:00:00,41,105
2015-01-21 00:00:00,25,75
2015-01-22 00:00:00,13,23
2015-01-23 00:00:00,39,45
2015-01-24 00:00:00,72,107
2015-01-25 00:00:00,37,112
2015-01-26 00:00:00,42,89
2015-01-27 00:00:00,38,205
2015-01-28 00:00:00,29,114
2015-01-29 00:00:00,41,91
2015-01-30 00:00:00,49,66
2015-01-31 00:00:00,23,54
2015-02-01 00:00:00,27,43
2015-02-02 00:00:00,23,49
2015-02-03 00:00:00,40,66
2015-02-04 00:00:00,21,64
2015-02-05 00:00:00,20,47
2015-02-06 00:00:00,34,55
2015-02-07 00:00:00,43,108
2015-02-08 00:00:00,104,162
2015-02-09 00:00:00,43,110
2015-02-10 00:00:00,42,158
2015-02-11 00:00:00,53,87
2015-02-12 00:00:00,31,63
2015-02-13 00:00:00,23,74
2015-02-14 00:00:00,56,149
2015-02-15 00:00:00,34,102
2015-02-16 00:00:00,9,21
2015-02-17 00:00:00,26,60
2015-02-18 00:00:00,28,73
2015-02-19 00:00:00,39,75
2015-02-20 00:00:00,36,76
2015-02-21 00:00:00,71,168
2015-02-22 00:00:00,8,14
2015-02-23 00:00:00,27,7
2015-02-24 00:00:00,20,13
2015-02-25 00:00:00,21,29
2015-02-26 00:00:00,14,30
2015-02-27 00:00:00,13,17
2015-02-28 00:00:00,16,3
2015-03-01 00:00:00,40,11
2015-03-02 00:00:00,23,24
2015-03-03 00:00:00,31,68
2015-03-04 00:00:00,13,17
2015-03-05 00:00:00,21,29
2015-03-06 00:00:00,52,50
2015-03-07 00:00:00,34,130
2015-03-08 00:00:00,29,54
2015-03-09 00:00:00,24,30
2015-03-10 00:00:00,37,62
2015-03-11 00:00:00,44,98
2015-03-12 00:00:00,46,133
2015-03-13 00:00:00,36,52
2015-03-14 00:00:00,52,94
2015-03-15 00:00:00,50,131
2015-03-16 00:00:00,86,152
2015-03-17 00:00:00,71,96
2015-03-18 00:00:00,38,69
2015-03-19 00:00:00,30,80
2015-03-20 00:00:00,24,40
2015-03-21 00:00:00,50,61
2015-03-22 00:00:00,49,86
2015-03-23 00:00:00,68,140
2015-03-24 00:00:00,71,210
2015-03-25 00:00:00,37,104
2015-03-26 00:00:00,40,98
2015-03-27 00:00:00,41,81
2015-03-28 00:00:00,57,205
2015-03-29 00:00:00,68,160
2015-03-30 00:00:00,68,162
2015-03-31 00:00:00,86,108
2015-04-01 00:00:00,26,75
2015-04-02 00:00:00,37,115
2015-04-03 00:00:00,38,116
2015-04-04 00:00:00,63,136
2015-04-05 00:00:00,30,62
2015-04-06 00:00:00,36,132
2015-04-07 00:00:00,54,288
2015-04-08 00:00:00,44,78
2015-04-09 00:00:00,65,114
2015-04-10 00:00:00,34,108
2015-04-11 00:00:00,30,152
2015-04-12 00:00:00,39,147
2015-04-13 00:00:00,39,57
2015-04-14 00:00:00,28,93
2015-04-15 00:00:00,59,144
2015-04-16 00:00:00,59,114
2015-04-17 00:00:00,37,83
2015-04-18 00:00:00,46,137
2015-04-19 00:00:00,46,135
2015-04-20 00:00:00,60,107
2015-04-21 00:00:00,54,139
2015-04-22 00:00:00,50,79
2015-04-23 00:00:00,64,74
2015-04-24 00:00:00,26,32
2015-04-25 00:00:00,57,175
2015-04-26 00:00:00,46,166
2015-04-27 00:00:00,33,52
2015-04-28 00:00:00,42,59
2015-04-29 00:00:00,52,139
2015-04-30 00:00:00,68,137
2015-05-01 00:00:00,32,122
2015-05-02 00:00:00,55,175
2015-05-03 00:00:00,49,186
2015-05-04 00:00:00,59,124
2015-05-05 00:00:00,29,113
2015-05-06 00:00:00,50,114
2015-05-07 00:00:00,41,62
2015-05-08 00:00:00,31,62
2015-05-09 00:00:00,40,75
2015-05-10 00:00:00,24,33
2015-05-11 00:00:00,45,117
2015-05-12 00:00:00,37,115
2015-05-13 00:00:00,39,57
2015-05-14 00:00:00,53,93
2015-05-15 00:00:00,52,90
2015-05-16 00:00:00,32,120
2015-05-17 00:00:00,36,156
2015-05-18 00:00:00,87,144
2015-05-19 00:00:00,39,105
2015-05-20 00:00:00,52,78
2015-05-21 00:00:00,49,79
2015-05-22 00:00:00,27,79
2015-05-23 00:00:00,50,92
2015-05-24 00:00:00,36,72
2015-05-25 00:00:00,24,116
2015-05-26 00:00:00,41,103
2015-05-27 00:00:00,52,107
2015-05-28 00:00:00,48,130
2015-05-29 00:00:00,39,86
2015-05-30 00:00:00,49,149
2015-05-31 00:00:00,59,226
2015-06-01 00:00:00,71,142
2015-06-02 00:00:00,59,166
2015-06-03 00:00:00,58,179
2015-06-04 00:00:00,38,130
2015-06-05 00:00:00,25,108
2015-06-06 00:00:00,86,217
2015-06-07 00:00:00,43,170
2015-06-08 00:00:00,55,147
2015-06-09 00:00:00,45,118
2015-06-10 00:00:00,36,115
2015-06-11 00:00:00,63,128
2015-06-12 00:00:00,44,121
2015-06-13 00:00:00,47,155
2015-06-14 00:00:00,35,164
2015-06-15 00:00:00,49,127
2015-06-16 00:00:00,59,96
2015-06-17 00:00:00,11,36
2015-06-18 00:00:00,66,113
2015-06-19 00:00:00,54,130
2015-06-20 00:00:00,56,163
2015-06-21 00:00:00,29,96
2015-06-22 00:00:00,62,114
2015-06-23 00:00:00,41,127
2015-06-24 00:00:00,51,124
2015-06-25 00:00:00,38,146
2015-06-26 00:00:00,24,97
2015-06-27 00:00:00,72,217
2015-06-28 00:00:00,63,152
2015-06-29 00:00:00,50,123
2015-06-30 00:00:00,48,125
2015-07-01 00:00:00,49,131
2015-07-02 00:00:00,47,106
2015-07-03 00:00:00,54,135
2015-07-04 00:00:00,28,167
2015-07-05 00:00:00,27,113
2015-07-06 00:00:00,34,113
2015-07-07 00:00:00,43,156
2015-07-08 00:00:00,20,82
2015-07-09 00:00:00,45,98
2015-07-10 00:00:00,40,133
2015-07-11 00:00:00,40,196
2015-07-12 00:00:00,42,149
2015-07-13 00:00:00,33,105
2015-07-14 00:00:00,47,238
2015-07-15 00:00:00,29,120
2015-07-16 00:00:00,41,139
2015-07-17 00:00:00,58,118
2015-07-18 00:00:00,40,161
2015-07-19 00:00:00,33,155
2015-07-20 00:00:00,37,128
2015-07-21 00:00:00,37,116
2015-07-22 00:00:00,56,94
2015-07-23 00:00:00,44,136
2015-07-24 00:00:00,29,90
2015-07-25 00:00:00,50,198
2015-07-26 00:00:00,36,107
2015-07-27 00:00:00,47,114
2015-07-28 00:00:00,49,122
2015-07-29 00:00:00,35,90
2015-07-30 00:00:00,44,109
2015-07-31 00:00:00,38,104
2015-08-01 00:00:00,72,164
2015-08-02 00:00:00,51,176
2015-08-03 00:00:00,40,141
2015-08-04 00:00:00,54,153
2015-08-05 00:00:00,61,105
2015-08-06 00:00:00,39,116
2015-08-07 00:00:00,56,114
2015-08-08 00:00:00,52,141
2015-08-09 00:00:00,26,137
2015-08-10 00:00:00,31,107
2015-08-11 00:00:00,39,130
2015-08-12 00:00:00,69,103
2015-08-13 00:00:00,44,105
2015-08-14 00:00:00,34,130
2015-08-15 00:00:00,48,158
2015-08-16 00:00:00,39,148
2015-08-17 00:00:00,40,114
2015-08-18 00:00:00,66,109
2015-08-19 00:00:00,45,125
2015-08-20 00:00:00,62,167
2015-08-21 00:00:00,36,119
2015-08-22 00:00:00,73,176
2015-08-23 00:00:00,33,164
2015-08-24 00:00:00,52,159
2015-08-25 00:00:00,37,183
2015-08-26 00:00:00,36,167
2015-08-27 00:00:00,43,131
2015-08-28 00:00:00,39,130
2015-08-29 00:00:00,60,166
2015-08-30 00:00:00,25,134
2015-08-31 00:00:00,62,139
2015-09-01 00:00:00,45,149
2015-09-02 00:00:00,45,150
2015-09-03 00:00:00,56,152
2015-09-04 00:00:00,50,221
2015-09-05 00:00:00,45,180
2015-09-06 00:00:00,41,151
2015-09-07 00:00:00,40,149
2015-09-08 00:00:00,57,119
2015-09-09 00:00:00,58,94
2015-09-10 00:00:00,52,141
2015-09-11 00:00:00,52,134
2015-09-12 00:00:00,60,234
2015-09-13 00:00:00,40,156
2015-09-14 00:00:00,45,131
2015-09-15 00:00:00,56,167
2015-09-16 00:00:00,68,128
2015-09-17 00:00:00,47,116
2015-09-18 00:00:00,39,88
2015-09-19 00:00:00,33,102
2015-09-20 00:00:00,44,139
2015-09-21 00:00:00,40,130
2015-09-22 00:00:00,52,140
2015-09-23 00:00:00,39,112
2015-09-24 00:00:00,40,133
2015-09-25 00:00:00,57,145
2015-09-26 00:00:00,68,173
2015-09-27 00:00:00,60,171
2015-09-28 00:00:00,77,155
2015-09-29 00:00:00,46,135
2015-09-30 00:00:00,30,145
2015-10-01 00:00:00,28,116
2015-10-02 00:00:00,41,135
2015-10-03 00:00:00,54,151
2015-10-04 00:00:00,55,145
2015-10-05 00:00:00,30,124
2015-10-06 00:00:00,36,132
2015-10-07 00:00:00,78,140
2015-10-08 00:00:00,29,127
2015-10-09 00:00:00,30,103
2015-10-10 00:00:00,48,185
2015-10-11 00:00:00,54,148
2015-10-12 00:00:00,57,147
2015-10-13 00:00:00,34,132
2015-10-14 00:00:00,36,105
2015-10-15 00:00:00,51,119
2015-10-16 00:00:00,35,122
2015-10-17 00:00:00,49,140
2015-10-18 00:00:00,58,114
2015-10-19 00:00:00,26,142
2015-10-20 00:00:00,46,105
2015-10-21 00:00:00,47,111
2015-10-22 00:00:00,29,75
2015-10-23 00:00:00,31,36
2015-10-24 00:00:00,37,37
2015-10-25 00:00:00,60,63
2015-10-26 00:00:00,30,104
2015-10-27 00:00:00,36,103
2015-10-28 00:00:00,40,118
2015-10-29 00:00:00,37,131
2015-10-30 00:00:00,12,22
2015-10-31 00:00:00,45,88
2015-11-01 00:00:00,49,83
2015-11-02 00:00:00,38,119
2015-11-03 00:00:00,56,113
2015-11-04 00:00:00,41,103
2015-11-05 00:00:00,35,57
2015-11-06 00:00:00,40,95
2015-11-07 00:00:00,44,111
2015-11-08 00:00:00,36,118
2015-11-09 00:00:00,18,112
2015-11-10 00:00:00,35,106
2015-11-11 00:00:00,39,99
2015-11-12 00:00:00,31,103
2015-11-13 00:00:00,42,93
2015-11-14 00:00:00,24,165
2015-11-15 00:00:00,34,51
2015-11-16 00:00:00,31,53
2015-11-17 00:00:00,43,71
2015-11-18 00:00:00,31,95
2015-11-19 00:00:00,51,101
2015-11-20 00:00:00,45,87
2015-11-21 00:00:00,21,101
2015-11-22 00:00:00,46,63
2015-11-23 00:00:00,41,94
2015-11-24 00:00:00,23,85
2015-11-25 00:00:00,26,93
2015-11-26 00:00:00,18,39
2015-11-27 00:00:00,14,10
2015-11-28 00:00:00,16,16
2015-11-29 00:00:00,15,18
2015-11-30 00:00:00,35,68
2015-12-01 00:00:00,27,60
2015-12-02 00:00:00,29,58
2015-12-03 00:00:00,25,72
2015-12-04 00:00:00,29,61
2015-12-05 00:00:00,56,169
2015-12-06 00:00:00,29,91
2015-12-07 00:00:00,16,88
2015-12-08 00:00:00,41,77
2015-12-09 00:00:00,43,95
2015-12-10 00:00:00,29,110
2015-12-11 00:00:00,151,83
2015-12-12 00:00:00,37,67
2015-12-13 00:00:00,27,62
2015-12-14 00:00:00,40,90
2015-12-15 00:00:00,33,83
2015-12-16 00:00:00,27,79
2015-12-17 00:00:00,20,63
2015-12-18 00:00:00,20,50
2015-12-19 00:00:00,44,110
2015-12-20 00:00:00,30,56
2015-12-21 00:00:00,39,73
2015-12-22 00:00:00,34,80
2015-12-23 00:00:00,27,92
2015-12-24 00:00:00,35,78
2015-12-25 00:00:00,17,66
2015-12-26 00:00:00,22,36
2015-12-27 00:00:00,1,11
2015-12-28 00:00:00,16,18
2015-12-29 00:00:00,25,40
2015-12-30 00:00:00,35,53
2015-12-31 00:00:00,20,60
2016-01-01 00:00:00,29,43
2016-01-02 00:00:00,24,40
2016-01-03 00:00:00,37,101
2016-01-04 00:00:00,24,54
2016-01-05 00:00:00,38,47
2016-01-06 00:00:00,21,35
2016-01-07 00:00:00,48,61
2016-01-08 00:00:00,30,71
2016-01-09 00:00:00,28,54
2016-01-10 00:00:00,35,41
2016-01-11 00:00:00,16,44
2016-01-12 00:00:00,25,74
2016-01-13 00:00:00,38,75
2016-01-14 00:00:00,37,81
2016-01-15 00:00:00,48,88
2016-01-16 00:00:00,37,48
2016-01-17 00:00:00,24,95
2016-01-18 00:00:00,31,55
2016-01-19 00:00:00,24,64
2016-01-20 00:00:00,24,64
2016-01-21 00:00:00,27,29
2016-01-22 00:00:00,25,43
2016-01-23 00:00:00,48,58
2016-01-24 00:00:00,33,155
2016-01-25 00:00:00,44,77
2016-01-26 00:00:00,30,64
2016-01-27 00:00:00,37,59
2016-01-28 00:00:00,42,79
2016-01-29 00:00:00,32,66
2016-01-30 00:00:00,49,128
2016-01-31 00:00:00,68,151
2016-02-01 00:00:00,37,85
2016-02-02 00:00:00,54,88
2016-02-03 00:00:00,64,82
2016-02-04 00:00:00,33,78
2016-02-05 00:00:00,41,71
2016-02-06 00:00:00,31,72
2016-02-07 00:00:00,52,87
2016-02-08 00:00:00,24,52
2016-02-09 00:00:00,68,74
2016-02-10 00:00:00,57,100
2016-02-11 00:00:00,58,115
2016-02-12 00:00:00,39,94
2016-02-13 00:00:00,57,85
2016-02-14 00:00:00,36,92
2016-02-15 00:00:00,33,113
2016-02-16 00:00:00,49,84
2016-02-17 00:00:00,48,87
2016-02-18 00:00:00,42,112
2016-02-19 00:00:00,47,90
2016-02-20 00:00:00,60,145
2016-02-21 00:00:00,40,57
2016-02-22 00:00:00,29,57
2016-02-23 00:00:00,7,31
2016-02-24 00:00:00,34,53
2016-02-25 00:00:00,39,83
2016-02-26 00:00:00,31,71
2016-02-27 00:00:00,59,140
2016-02-28 00:00:00,37,131
2016-02-29 00:00:00,53,137
2016-03-01 00:00:00,56,122
2016-03-02 00:00:00,33,96
2016-03-03 00:00:00,41,85
2016-03-04 00:00:00,40,74
2016-03-05 00:00:00,51,167
2016-03-06 00:00:00,52,130
2016-03-07 00:00:00,19,46
2016-03-08 00:00:00,33,46
2016-03-09 00:00:00,28,49
2016-03-10 00:00:00,31,49
2016-03-11 00:00:00,14,39
2016-03-12 00:00:00,75,82
2016-03-13 00:00:00,40,167
2016-03-14 00:00:00,53,146
2016-03-15 00:00:00,49,138
2016-03-16 00:00:00,50,89
2016-03-17 00:00:00,30,68
2016-03-18 00:00:00,38,47
2016-03-19 00:00:00,77,120
2016-03-20 00:00:00,41,92
2016-03-21 00:00:00,62,100
2016-03-22 00:00:00,67,86
2016-03-23 00:00:00,47,82
2016-03-24 00:00:00,30,78
2016-03-25 00:00:00,59,100
2016-03-26 00:00:00,64,162
2016-03-27 00:00:00,33,63
2016-03-28 00:00:00,56,135
2016-03-29 00:00:00,44,107
2016-03-30 00:00:00,31,62
2016-03-31 00:00:00,54,115
2016-04-01 00:00:00,31,70
2016-04-02 00:00:00,49,208
2016-04-03 00:00:00,71,213
2016-04-04 00:00:00,111,110
2016-04-05 00:00:00,59,128
2016-04-06 00:00:00,58,105
2016-04-07 00:00:00,62,114
2016-04-08 00:00:00,44,99
2016-04-09 00:00:00,36,102
2016-04-10 00:00:00,43,89
2016-04-11 00:00:00,43,80
2016-04-12 00:00:00,57,99
2016-04-13 00:00:00,19,47
2016-04-14 00:00:00,39,111
2016-04-15 00:00:00,39,127
2016-04-16 00:00:00,41,129
2016-04-17 00:00:00,12,16
2016-04-18 00:00:00,35,68
2016-04-19 00:00:00,63,108
2016-04-20 00:00:00,49,87
2016-04-21 00:00:00,50,102
2016-04-22 00:00:00,52,123
2016-04-23 00:00:00,58,142
2016-04-24 00:00:00,56,153
2016-04-25 00:00:00,57,120
2016-04-26 00:00:00,18754,77
2016-04-27 00:00:00,5244,118
2016-04-28 00:00:00,102,100
2016-04-29 00:00:00,26,70
2016-04-30 00:00:00,34,172
2016-05-01 00:00:00,35,143
2016-05-02 00:00:00,34,93
2016-05-03 00:00:00,62,92
2016-05-04 00:00:00,47,150
2016-05-05 00:00:00,36,121
2016-05-06 00:00:00,946,144
2016-05-07 00:00:00,15696,149
2016-05-08 00:00:00,10295,70
2016-05-09 00:00:00,4593,98
2016-05-10 00:00:00,28214,111
2016-05-11 00:00:00,54429,104
2016-05-12 00:00:00,3945,109
2016-05-13 00:00:00,33,115
2016-05-14 00:00:00,57,261
2016-05-15 00:00:00,44,142
2016-05-16 00:00:00,36,95
2016-05-17 00:00:00,71,104
2016-05-18 00:00:00,30,81
2016-05-19 00:00:00,20,67
2016-05-20 00:00:00,64,104
2016-05-21 00:00:00,52,200
2016-05-22 00:00:00,42,157
2016-05-23 00:00:00,41,82
2016-05-24 00:00:00,40,117
2016-05-25 00:00:00,34,151
2016-05-26 00:00:00,37,87
2016-05-27 00:00:00,39,72
2016-05-28 00:00:00,74,175
2016-05-29 00:00:00,44,87
2016-05-30 00:00:00,53,202
2016-05-31 00:00:00,25,79
2016-06-01 00:00:00,667,98
2016-06-02 00:00:00,18,61
2016-06-03 00:00:00,40,66
2016-06-04 00:00:00,53,228
2016-06-05 00:00:00,56,173
2016-06-06 00:00:00,49,135
2016-06-07 00:00:00,56,139
2016-06-08 00:00:00,47,133
2016-06-09 00:00:00,42,100
2016-06-10 00:00:00,40,70
2016-06-11 00:00:00,40,129
2016-06-12 00:00:00,42,94
2016-06-13 00:00:00,40,119
2016-06-14 00:00:00,42,103
2016-06-15 00:00:00,63,139
2016-06-16 00:00:00,36,89
2016-06-17 00:00:00,31,102
2016-06-18 00:00:00,32,142
2016-06-19 00:00:00,44,129
2016-06-20 00:00:00,34,118
2016-06-21 00:00:00,58,113
2016-06-22 00:00:00,28,115
2016-06-23 00:00:00,31,110
2016-06-24 00:00:00,29,94
2016-06-25 00:00:00,61,202
2016-06-26 00:00:00,40,133
2016-06-27 00:00:00,41,88
2016-06-28 00:00:00,39,109
2016-06-29 00:00:00,27,93
2016-06-30 00:00:00,39,103
2016-07-01 00:00:00,35,92
2016-07-02 00:00:00,49,141
2016-07-03 00:00:00,36,131
2016-07-04 00:00:00,29,81
2016-07-05 00:00:00,24,82
2016-07-06 00:00:00,32,100
2016-07-07 00:00:00,23,83
2016-07-08 00:00:00,21,110
2016-07-09 00:00:00,54,133
2016-07-10 00:00:00,38,154
2016-07-11 00:00:00,37,87
2016-07-12 00:00:00,71,101
2016-07-13 00:00:00,40,96
2016-07-14 00:00:00,29,82
2016-07-15 00:00:00,24,66
2016-07-16 00:00:00,50,160
2016-07-17 00:00:00,31,124
2016-07-18 00:00:00,18,109
2016-07-19 00:00:00,112,106
2016-07-20 00:00:00,22,101
2016-07-21 00:00:00,39,94
2016-07-22 00:00:00,24,89
2016-07-23 00:00:00,41,115
2016-07-24 00:00:00,38,134
2016-07-25 00:00:00,41,76
2016-07-26 00:00:00,47,134
2016-07-27 00:00:00,42,84
2016-07-28 00:00:00,23,88
2016-07-29 00:00:00,22,76
2016-07-30 00:00:00,39,155
2016-07-31 00:00:00,49,152
2016-08-01 00:00:00,52,88
2016-08-02 00:00:00,35,120
2016-08-03 00:00:00,46,89
2016-08-04 00:00:00,70,85
2016-08-05 00:00:00,24,73
2016-08-06 00:00:00,38,141
2016-08-07 00:00:00,30,140
2016-08-08 00:00:00,25,95
2016-08-09 00:00:00,37,83
2016-08-10 00:00:00,29,80
2016-08-11 00:00:00,36,82
2016-08-12 00:00:00,28,71
2016-08-13 00:00:00,33,111
2016-08-14 00:00:00,49,134
2016-08-15 00:00:00,52,114
2016-08-16 00:00:00,53,113
2016-08-17 00:00:00,50,81
2016-08-18 00:00:00,35,63
2016-08-19 00:00:00,33,59
2016-08-20 00:00:00,37,81
2016-08-21 00:00:00,47,161
2016-08-22 00:00:00,27,81
2016-08-23 00:00:00,51,106
2016-08-24 00:00:00,43,98
2016-08-25 00:00:00,34,125
2016-08-26 00:00:00,46,84
2016-08-27 00:00:00,40,142
2016-08-28 00:00:00,60,186
2016-08-29 00:00:00,35,98
2016-08-30 00:00:00,47,101
2016-08-31 00:00:00,139,94
2016-09-01 00:00:00,42,78
2016-09-02 00:00:00,36,122
2016-09-03 00:00:00,58,139
2016-09-04 00:00:00,45,133
2016-09-05 00:00:00,42,122
2016-09-06 00:00:00,67,160
2016-09-07 00:00:00,69,97
2016-09-08 00:00:00,43,118
2016-09-09 00:00:00,32,104
2016-09-10 00:00:00,43,117
2016-09-11 00:00:00,61,173
2016-09-12 00:00:00,63,123
2016-09-13 00:00:00,65,108
2016-09-14 00:00:00,63,93
2016-09-15 00:00:00,38,108
2016-09-16 00:00:00,39,93
2016-09-17 00:00:00,76,129
2016-09-18 00:00:00,33,116
2016-09-19 00:00:00,41,91
2016-09-20 00:00:00,47,116
2016-09-21 00:00:00,66,91
2016-09-22 00:00:00,33,125
2016-09-23 00:00:00,36,102
2016-09-24 00:00:00,38,149
2016-09-25 00:00:00,24,36
2016-09-26 00:00:00,47,75
2016-09-27 00:00:00,67,134
2016-09-28 00:00:00,105,145
2016-09-29 00:00:00,57,102
2016-09-30 00:00:00,48,109
2016-10-01 00:00:00,49,166
2016-10-02 00:00:00,53,164
2016-10-03 00:00:00,52,107
2016-10-04 00:00:00,43,114
2016-10-05 00:00:00,63,98
2016-10-06 00:00:00,46,98
2016-10-07 00:00:00,40,63
2016-10-08 00:00:00,61,150
2016-10-09 00:00:00,45,147
2016-10-10 00:00:00,39,92
2016-10-11 00:00:00,40,146
2016-10-12 00:00:00,44,124
2016-10-13 00:00:00,34,107
2016-10-14 00:00:00,23,94
2016-10-15 00:00:00,67,131
2016-10-16 00:00:00,40,119
2016-10-17 00:00:00,46,104
2016-10-18 00:00:00,44,104
2016-10-19 00:00:00,30,109
2016-10-20 00:00:00,40,90
2016-10-21 00:00:00,37,117
2016-10-22 00:00:00,32,125
2016-10-23 00:00:00,46,130
2016-10-24 00:00:00,51,117
2016-10-25 00:00:00,46,119
2016-10-26 00:00:00,36,111
2016-10-27 00:00:00,65,119
2016-10-28 00:00:00,31,108
2016-10-29 00:00:00,56,157
2016-10-30 00:00:00,45,136
2016-10-31 00:00:00,36,82
2016-11-01 00:00:00,41,135
2016-11-02 00:00:00,45,101
2016-11-03 00:00:00,57,71
2016-11-04 00:00:00,42,97
2016-11-05 00:00:00,71,127
2016-11-06 00:00:00,49,110
2016-11-07 00:00:00,14,45
2016-11-08 00:00:00,38,60
2016-11-09 00:00:00,47,76
2016-11-10 00:00:00,57,103
2016-11-11 00:00:00,57,98
2016-11-12 00:00:00,58,218
2016-11-13 00:00:00,45,81
2016-11-14 00:00:00,35,87
2016-11-15 00:00:00,44,108
2016-11-16 00:00:00,50,98
2016-11-17 00:00:00,42,81
2016-11-18 00:00:00,35,74
2016-11-19 00:00:00,24,72
2016-11-20 00:00:00,36,68
2016-11-21 00:00:00,37,57
2016-11-22 00:00:00,56,61
2016-11-23 00:00:00,43,75
2016-11-24 00:00:00,24,46
2016-11-25 00:00:00,45,68
2016-11-26 00:00:00,47,94
2016-11-27 00:00:00,46,86
2016-11-28 00:00:00,37,53
2016-11-29 00:00:00,39,76
2016-11-30 00:00:00,41,82
2016-12-01 00:00:00,33,77
2016-12-02 00:00:00,28,55
2016-12-03 00:00:00,27,26
2016-12-04 00:00:00,38,44
2016-12-05 00:00:00,23,48
2016-12-06 00:00:00,43,73
2016-12-07 00:00:00,33,68
2016-12-08 00:00:00,25,37
2016-12-09 00:00:00,13,33
2016-12-10 00:00:00,23,64
2016-12-11 00:00:00,43,104
2016-12-12 00:00:00,45,63
2016-12-13 00:00:00,35,68
2016-12-14 00:00:00,25,65
2016-12-15 00:00:00,52,35
2016-12-16 00:00:00,40,57
2016-12-17 00:00:00,32,72
2016-12-18 00:00:00,8,14
2016-12-19 00:00:00,25,22
2016-12-20 00:00:00,20,39
2016-12-21 00:00:00,22,75
2016-12-22 00:00:00,26,47
2016-12-23 00:00:00,13,25
2016-12-24 00:00:00,35,67
2016-12-25 00:00:00,45,20
2016-12-26 00:00:00,55,62
2016-12-27 00:00:00,53,64
2016-12-28 00:00:00,46,78
2016-12-29 00:00:00,30,62
2016-12-30 00:00:00,28,61
2016-12-31 00:00:00,34,73
2017-01-01 00:00:00,48,64
2017-01-02 00:00:00,26,117
2017-01-03 00:00:00,13,33
2017-01-04 00:00:00,23,38
2017-01-05 00:00:00,31,29
2017-01-06 00:00:00,17,15
2017-01-07 00:00:00,23,21
2017-01-08 00:00:00,29,42
2017-01-09 00:00:00,35,61
2017-01-10 00:00:00,56,106
2017-01-11 00:00:00,49,96
2017-01-12 00:00:00,41,77
2017-01-13 00:00:00,20,31
2017-01-14 00:00:00,28,40
2017-01-15 00:00:00,40,22
2017-01-16 00:00:00,45,84
2017-01-17 00:00:00,38,65
2017-01-18 00:00:00,42,57
2017-01-19 00:00:00,43,78
2017-01-20 00:00:00,45,78
2017-01-21 00:00:00,69,146
2017-01-22 00:00:00,33,55
2017-01-23 00:00:00,44,99
2017-01-24 00:00:00,42,103
2017-01-25 00:00:00,48,69
2017-01-26 00:00:00,34,60
2017-01-27 00:00:00,41,32
2017-01-28 00:00:00,38,110
2017-01-29 00:00:00,63,78
2017-01-30 00:00:00,53,72
2017-01-31 00:00:00,56,97
2017-02-01 00:00:00,66,91
2017-02-02 00:00:00,32,45
2017-02-03 00:00:00,37,57
2017-02-04 00:00:00,49,56
2017-02-05 00:00:00,47,100
2017-02-06 00:00:00,47,82
2017-02-07 00:00:00,66,95
2017-02-08 00:00:00,41,58
2017-02-09 00:00:00,45,54
2017-02-10 00:00:00,73,66
2017-02-11 00:00:00,64,138
2017-02-12 00:00:00,35,83
2017-02-13 00:00:00,64,65
2017-02-14 00:00:00,31,30
2017-02-15 00:00:00,66,72
2017-02-16 00:00:00,59,84
2017-02-17 00:00:00,43,92
2017-02-18 00:00:00,60,177
2017-02-19 00:00:00,52,70
2017-02-20 00:00:00,41,77
2017-02-21 00:00:00,60,99
2017-02-22 00:00:00,57,90
2017-02-23 00:00:00,71,101
2017-02-24 00:00:00,47,79
2017-02-25 00:00:00,34,67
2017-02-26 00:00:00,55,104
2017-02-27 00:00:00,64,81
2017-02-28 00:00:00,65,92
2017-03-01 00:00:00,45,77
2017-03-02 00:00:00,71,97
2017-03-03 00:00:00,47,83
2017-03-04 00:00:00,35,70
2017-03-05 00:00:00,29,43
2017-03-06 00:00:00,76,68
2017-03-07 00:00:00,57,105
2017-03-08 00:00:00,60,92
2017-03-09 00:00:00,54,91
2017-03-10 00:00:00,48,62
2017-03-11 00:00:00,28,106
2017-03-12 00:00:00,40,48
2017-03-13 00:00:00,52,65
2017-03-14 00:00:00,71,88
2017-03-15 00:00:00,37,59
2017-03-16 00:00:00,43,56
2017-03-17 00:00:00,51,107
2017-03-18 00:00:00,44,146
2017-03-19 00:00:00,48,142
2017-03-20 00:00:00,61,92
2017-03-21 00:00:00,76,107
2017-03-22 00:00:00,56,112
2017-03-23 00:00:00,55,117
2017-03-24 00:00:00,51,63
2017-03-25 00:00:00,87,129
2017-03-26 00:00:00,38,95
2017-03-27 00:00:00,45,83
2017-03-28 00:00:00,58,83
2017-03-29 00:00:00,80,91
2017-03-30 00:00:00,75,106
2017-03-31 00:00:00,66,91
2017-04-01 00:00:00,34,148
2017-04-02 00:00:00,30,34
2017-04-03 00:00:00,46,111
2017-04-04 00:00:00,51,116
2017-04-05 00:00:00,51,96
2017-04-06 00:00:00,40,118
2017-04-07 00:00:00,83,92
2017-04-08 00:00:00,56,93
2017-04-09 00:00:00,53,101
2017-04-10 00:00:00,58,67
2017-04-11 00:00:00,56,108
2017-04-12 00:00:00,57,88
2017-04-13 00:00:00,59,102
2017-04-14 00:00:00,56,117
2017-04-15 00:00:00,65,141
2017-04-16 00:00:00,61,97
2017-04-17 00:00:00,34,52
2017-04-18 00:00:00,80,142
2017-04-19 00:00:00,63,117
2017-04-20 00:00:00,56,120
2017-04-21 00:00:00,42,85
2017-04-22 00:00:00,57,98
2017-04-23 00:00:00,58,140
2017-04-24 00:00:00,51,75
2017-04-25 00:00:00,306,115
2017-04-26 00:00:00,2,0
2017-04-27 00:00:00,58,114
2017-04-28 00:00:00,57,76
2017-04-29 00:00:00,0,5
2017-04-30 00:00:00,0,0
2017-05-01 00:00:00,0,0
2017-05-02 00:00:00,61,114
2017-05-03 00:00:00,2,0
2017-05-04 00:00:00,0,0
2017-05-05 00:00:00,0,0
2017-05-06 00:00:00,0,0
2017-05-07 00:00:00,0,0
2017-05-08 00:00:00,0,0
2017-05-09 00:00:00,0,0
2017-05-10 00:00:00,0,0
2017-05-11 00:00:00,73,90
2017-05-12 00:00:00,70,73
2017-05-13 00:00:00,,
2017-05-14 00:00:00,56,118
2017-05-15 00:00:00,,
2017-05-16 00:00:00,,
2017-05-17 00:00:00,59,88
2017-05-18 00:00:00,,
2017-05-19 00:00:00,,
2017-05-20 00:00:00,50,98
2017-05-21 00:00:00,49,143
2017-05-22 00:00:00,60,101
2017-05-23 00:00:00,42,68
2017-05-24 00:00:00,57,106
2017-05-25 00:00:00,67,78
2017-05-26 00:00:00,,
2017-05-27 00:00:00,41,133
2017-05-28 00:00:00,37,114
2017-05-29 00:00:00,47,181
2017-05-30 00:00:00,64,133
2017-05-31 00:00:00,47,105
2017-06-01 00:00:00,57,102
2017-06-02 00:00:00,37,40
2017-06-03 00:00:00,59,50
2017-06-04 00:00:00,,
2017-06-05 00:00:00,48,75
2017-06-06 00:00:00,99,125
2017-06-07 00:00:00,57,114
2017-06-08 00:00:00,39,124
2017-06-09 00:00:00,45,80
2017-06-10 00:00:00,49,126
2017-06-11 00:00:00,,
2017-06-12 00:00:00,52,82
2017-06-13 00:00:00,69,94
2017-06-14 00:00:00,46,55
2017-06-15 00:00:00,51,121
2017-06-16 00:00:00,30,61
2017-06-17 00:00:00,38,121
2017-06-18 00:00:00,50,102
2017-06-19 00:00:00,44,79
2017-06-20 00:00:00,,
2017-06-21 00:00:00,,
2017-06-22 00:00:00,,
2017-06-23 00:00:00,,
2017-06-24 00:00:00,,
2017-06-25 00:00:00,,
2017-06-26 00:00:00,,
2017-06-27 00:00:00,,
2017-06-28 00:00:00,,
2017-06-29 00:00:00,,
2017-06-30 00:00:00,,
2017-07-01 00:00:00,,
2017-07-02 00:00:00,33,132
2017-07-03 00:00:00,27,142
2017-07-04 00:00:00,50,135
2017-07-05 00:00:00,,
2017-07-06 00:00:00,49,99
2017-07-07 00:00:00,35,106
2017-07-08 00:00:00,36,105
2017-07-09 00:00:00,36,137
2017-07-10 00:00:00,46,100
2017-07-11 00:00:00,65,133
2017-07-12 00:00:00,38,78
2017-07-13 00:00:00,48,100
2017-07-14 00:00:00,42,77
2017-07-15 00:00:00,46,122
2017-07-16 00:00:00,46,111
2017-07-17 00:00:00,44,77
2017-07-18 00:00:00,37,94
2017-07-19 00:00:00,58,82
2017-07-20 00:00:00,41,97
2017-07-21 00:00:00,48,71
2017-07-22 00:00:00,45,99
2017-07-23 00:00:00,41,79
2017-07-24 00:00:00,42,74
2017-07-25 00:00:00,39,86
2017-07-26 00:00:00,36,76
2017-07-27 00:00:00,45,84
2017-07-28 00:00:00,33,60
2017-07-29 00:00:00,36,120
2017-07-30 00:00:00,40,106
2017-07-31 00:00:00,31,98
2017-08-01 00:00:00,59,88
2017-08-02 00:00:00,47,51
2017-08-03 00:00:00,76,102
2017-08-04 00:00:00,43,99
2017-08-05 00:00:00,45,127
2017-08-06 00:00:00,42,103
2017-08-07 00:00:00,47,90
2017-08-08 00:00:00,69,112
2017-08-09 00:00:00,47,103
2017-08-10 00:00:00,48,100
2017-08-11 00:00:00,41,79
2017-08-12 00:00:00,36,103
2017-08-13 00:00:00,28,67
2017-08-14 00:00:00,45,80
2017-08-15 00:00:00,41,114
2017-08-16 00:00:00,49,86
2017-08-17 00:00:00,39,106
2017-08-18 00:00:00,30,93
2017-08-19 00:00:00,56,145
2017-08-20 00:00:00,43,132
2017-08-21 00:00:00,49,97
2017-08-22 00:00:00,53,95
2017-08-23 00:00:00,48,74
2017-08-24 00:00:00,50,63
2017-08-25 00:00:00,58,90
2017-08-26 00:00:00,52,135
2017-08-27 00:00:00,47,158
2017-08-28 00:00:00,,
2017-08-29 00:00:00,51,145
2017-08-30 00:00:00,46,98
2017-08-31 00:00:00,,
2017-09-01 00:00:00,,
2017-09-02 00:00:00,39,184
2017-09-03 00:00:00,,
2017-09-04 00:00:00,56,148
2017-09-05 00:00:00,54,76
2017-09-06 00:00:00,44,94
2017-09-07 00:00:00,,
2017-09-08 00:00:00,,
2017-09-09 00:00:00,,
2017-09-10 00:00:00,49,132
2017-09-11 00:00:00,46,104
2017-09-12 00:00:00,63,100
2017-09-13 00:00:00,,
2017-09-14 00:00:00,,
2017-09-15 00:00:00,50,95
2017-09-16 00:00:00,44,122
2017-09-17 00:00:00,42,138
2017-09-18 00:00:00,39,108
2017-09-19 00:00:00,49,112
2017-09-20 00:00:00,48,98
2017-09-21 00:00:00,53,92
2017-09-22 00:00:00,50,81
2017-09-23 00:00:00,45,119
2017-09-24 00:00:00,52,146
2017-09-25 00:00:00,51,101
2017-09-26 00:00:00,74,130
2017-09-27 00:00:00,72,119
2017-09-28 00:00:00,45,75
2017-09-29 00:00:00,51,65
2017-09-30 00:00:00,61,146
2017-10-01 00:00:00,60,136
2017-10-02 00:00:00,54,88
2017-10-03 00:00:00,68,89
2017-10-04 00:00:00,73,96
2017-10-05 00:00:00,66,98
2017-10-06 00:00:00,54,121
2017-10-07 00:00:00,74,151
2017-10-08 00:00:00,46,165
2017-10-09 00:00:00,,
2017-10-10 00:00:00,43,91
2017-10-11 00:00:00,,
2017-10-12 00:00:00,44,101
2017-10-13 00:00:00,,
2017-10-14 00:00:00,41,120
2017-10-15 00:00:00,,
2017-10-16 00:00:00,43,111
2017-10-17 00:00:00,,
2017-10-18 00:00:00,49,100
2017-10-19 00:00:00,78,137
2017-10-20 00:00:00,,
2017-10-21 00:00:00,36,87
2017-10-22 00:00:00,43,91
2017-10-23 00:00:00,47,93
2017-10-24 00:00:00,39,71
2017-10-25 00:00:00,49,86
2017-10-26 00:00:00,53,117
2017-10-27 00:00:00,21,47
2017-10-28 00:00:00,53,75
2017-10-29 00:00:00,,
2017-10-30 00:00:00,56,81
2017-10-31 00:00:00,,
2017-11-01 00:00:00,50,83
2017-11-02 00:00:00,59,116
2017-11-03 00:00:00,58,76
2017-11-04 00:00:00,166,126
2017-11-05 00:00:00,60,134
2017-11-06 00:00:00,,
2017-11-07 00:00:00,,
2017-11-08 00:00:00,,
2017-11-09 00:00:00,63,74
2017-11-10 00:00:00,,
2017-11-11 00:00:00,41,121
2017-11-12 00:00:00,39,67
2017-11-13 00:00:00,39,80
2017-11-14 00:00:00,68,135
2017-11-15 00:00:00,,
2017-11-16 00:00:00,45,76
2017-11-17 00:00:00,60,80
2017-11-18 00:00:00,37,51
2017-11-19 00:00:00,,
2017-11-20 00:00:00,,
2017-11-21 00:00:00,,
2017-11-22 00:00:00,,
2017-11-23 00:00:00,30,45
2017-11-24 00:00:00,,
2017-11-25 00:00:00,,
2017-11-26 00:00:00,,
2017-11-27 00:00:00,,
2017-11-28 00:00:00,,
2017-11-29 00:00:00,,
2017-11-30 00:00:00,,
2017-12-01 00:00:00,,
2017-12-02 00:00:00,65,101
2017-12-03 00:00:00,63,130
2017-12-04 00:00:00,,
2017-12-05 00:00:00,41,50
2017-12-06 00:00:00,,
2017-12-07 00:00:00,30,36
2017-12-08 00:00:00,,
2017-12-09 00:00:00,,
2017-12-10 00:00:00,,
2017-12-11 00:00:00,39,81
2017-12-12 00:00:00,,
2017-12-13 00:00:00,,
2017-12-14 00:00:00,,
2017-12-15 00:00:00,35,56
2017-12-16 00:00:00,,
2017-12-17 00:00:00,,
2017-12-18 00:00:00,,
2017-12-19 00:00:00,,
2017-12-20 00:00:00,50,61
2017-12-21 00:00:00,,
2017-12-22 00:00:00,,
2017-12-23 00:00:00,,
2017-12-24 00:00:00,,
2017-12-25 00:00:00,,
2017-12-26 00:00:00,,
2017-12-27 00:00:00,,
2017-12-28 00:00:00,,
2017-12-29 00:00:00,26,31
2017-12-30 00:00:00,,
2017-12-31 00:00:00,,
2018-01-01 00:00:00,,
2018-01-02 00:00:00,,
2018-01-03 00:00:00,,
2018-01-04 00:00:00,24,32
2018-01-05 00:00:00,33,56
2018-01-06 00:00:00,37,129
2018-01-07 00:00:00,,
2018-01-08 00:00:00,38,55
2018-01-09 00:00:00,,
2018-01-10 00:00:00,,
2018-01-11 00:00:00,,
2018-01-12 00:00:00,24,25
2018-01-13 00:00:00,39,44
2018-01-14 00:00:00,,
2018-01-15 00:00:00,,
2018-01-16 00:00:00,,
2018-01-17 00:00:00,19,19
2018-01-18 00:00:00,,
2018-01-19 00:00:00,,
2018-01-20 00:00:00,55,107
2018-01-21 00:00:00,,
2018-01-22 00:00:00,,
2018-01-23 00:00:00,49,72
2018-01-24 00:00:00,,
2018-01-25 00:00:00,,
2018-01-26 00:00:00,38,53
2018-01-27 00:00:00,,
2018-01-28 00:00:00,,
2018-01-29 00:00:00,,
2018-01-30 00:00:00,,
2018-01-31 00:00:00,,
2018-02-01 00:00:00,,
2018-02-02 00:00:00,,
2018-02-03 00:00:00,,
2018-02-04 00:00:00,,
2018-02-05 00:00:00,,
2018-02-06 00:00:00,,
2018-02-07 00:00:00,,
2018-02-08 00:00:00,,
2018-02-09 00:00:00,115,81
2018-02-10 00:00:00,38,32
2018-02-11 00:00:00,22,22
2018-02-12 00:00:00,20,35
2018-02-13 00:00:00,34,56
2018-02-14 00:00:00,48,62
2018-02-15 00:00:00,55,76
2018-02-16 00:00:00,29,57
2018-02-17 00:00:00,65,107
2018-02-18 00:00:00,38,30
2018-02-19 00:00:00,57,66
2018-02-20 00:00:00,22,23
2018-02-21 00:00:00,11,9
2018-02-22 00:00:00,37,23
2018-02-23 00:00:00,17,21
2018-02-24 00:00:00,30,43
2018-02-25 00:00:00,47,135
2018-02-26 00:00:00,,
2018-02-27 00:00:00,41,33
2018-02-28 00:00:00,40,28
2018-03-01 00:00:00,39,81
2018-03-02 00:00:00,,
